name,available,base_power,constant_active_power,constant_reactive_power,impedance_active_power,impedance_reactive_power,current_active_power,current_reactive_power,max_constant_active_power,max_constant_reactive_power,max_impedance_active_power,max_impedance_reactive_power,max_current_active_power,max_current_reactive_power
load_70002~WP,true,100.0,7.594000000000001,-1.397,0.0,0.0,0.0,0.0,7.594000000000001,-1.397,0.0,0.0,0.0,0.0
load_70004~WP,true,100.0,7.615999999999999,5.211,0.0,0.0,0.0,0.0,7.615999999999999,5.211,0.0,0.0,0.0,0.0
load_70008~P1,true,100.0,11.419,5.203,0.0,0.0,0.0,0.0,11.419,5.203,0.0,0.0,0.0,0.0
load_70009~YV,true,100.0,17.289,-2.04,0.0,0.0,0.0,0.0,17.289,-2.04,0.0,0.0,0.0,0.0
load_70019~WP,true,100.0,9.419,4.553,0.0,0.0,0.0,0.0,9.419,4.553,0.0,0.0,0.0,0.0
load_70023~P1,true,100.0,35.509,7.768,0.0,0.0,0.0,0.0,35.509,7.768,0.0,0.0,0.0,0.0
load_70023~P2,true,100.0,43.458,0.327,0.0,0.0,0.0,0.0,43.458,0.327,0.0,0.0,0.0,0.0
load_70024~P1,true,100.0,5.026,1.851,0.0,0.0,0.0,0.0,5.026,1.851,0.0,0.0,0.0,0.0
load_70025~P2,true,100.0,7.603999999999999,2.197,0.0,0.0,0.0,0.0,7.603999999999999,2.197,0.0,0.0,0.0,0.0
load_70025~P3,true,100.0,7.538,3.173,0.0,0.0,0.0,0.0,7.538,3.173,0.0,0.0,0.0,0.0
load_70028~TS,true,100.0,3.5699999999999994,1.11,0.0,0.0,0.0,0.0,3.5699999999999994,1.11,0.0,0.0,0.0,0.0
load_70029~P1,true,100.0,3.054,-1.273,0.0,0.0,0.0,0.0,3.054,-1.273,0.0,0.0,0.0,0.0
load_70029~P3,true,100.0,1.781,0.08,0.0,0.0,0.0,0.0,1.781,0.08,0.0,0.0,0.0,0.0
load_70030~WP,true,100.0,22.144,-2.383,0.0,0.0,0.0,0.0,22.144,-2.383,0.0,0.0,0.0,0.0
load_70032~P1,true,100.0,3.85,0.192,0.0,0.0,0.0,0.0,3.85,0.192,0.0,0.0,0.0,0.0
load_70039~P1,true,100.0,26.487,-0.976,0.0,0.0,0.0,0.0,26.487,-0.976,0.0,0.0,0.0,0.0
load_70039~P2,true,100.0,18.682,-1.217,0.0,0.0,0.0,0.0,18.682,-1.217,0.0,0.0,0.0,0.0
load_70039~IN,true,100.0,12.124,3.9849999999999994,0.0,0.0,0.0,0.0,12.124,3.9849999999999994,0.0,0.0,0.0,0.0
load_70041~P1,true,100.0,40.227,12.852,0.0,0.0,0.0,0.0,40.227,12.852,0.0,0.0,0.0,0.0
load_70041~P2,true,100.0,32.442,8.913,0.0,0.0,0.0,0.0,32.442,8.913,0.0,0.0,0.0,0.0
load_70045~P3,true,100.0,35.871,12.963,0.0,0.0,0.0,0.0,35.871,12.963,0.0,0.0,0.0,0.0
load_70045~P2,true,100.0,27.186,8.881,0.0,0.0,0.0,0.0,27.186,8.881,0.0,0.0,0.0,0.0
load_70045~P1,true,100.0,29.735,-2.748,0.0,0.0,0.0,0.0,29.735,-2.748,0.0,0.0,0.0,0.0
load_70047~TS,true,100.0,12.79,4.07,0.0,0.0,0.0,0.0,12.79,4.07,0.0,0.0,0.0,0.0
load_70047~P2,true,100.0,6.515,1.456,0.0,0.0,0.0,0.0,6.515,1.456,0.0,0.0,0.0,0.0
load_70047~P1,true,100.0,6.7299999999999995,0.243,0.0,0.0,0.0,0.0,6.7299999999999995,0.243,0.0,0.0,0.0,0.0
load_70048~TS,true,100.0,19.19,6.309999999999999,0.0,0.0,0.0,0.0,19.19,6.309999999999999,0.0,0.0,0.0,0.0
load_70049~WP,true,100.0,32.959,24.868,0.0,0.0,0.0,0.0,32.959,24.868,0.0,0.0,0.0,0.0
load_70050~IR,true,100.0,3.104,1.049,0.0,0.0,0.0,0.0,3.104,1.049,0.0,0.0,0.0,0.0
load_70050~P2,true,100.0,11.423,1.314,0.0,0.0,0.0,0.0,11.423,1.314,0.0,0.0,0.0,0.0
load_70050~P1,true,100.0,5.448,0.1,0.0,0.0,0.0,0.0,5.448,0.1,0.0,0.0,0.0,0.0
load_70051~WP,true,100.0,13.777000000000001,1.433,0.0,0.0,0.0,0.0,13.777000000000001,1.433,0.0,0.0,0.0,0.0
load_70055~TS,true,100.0,4.21,-0.71,0.0,0.0,0.0,0.0,4.21,-0.71,0.0,0.0,0.0,0.0
load_70057~P1,true,100.0,6.280000000000001,2.319,0.0,0.0,0.0,0.0,6.280000000000001,2.319,0.0,0.0,0.0,0.0
load_70058~NT,true,100.0,-8.013,0.836,0.0,0.0,0.0,0.0,-8.013,0.836,0.0,0.0,0.0,0.0
load_70058~P3,true,100.0,22.39,1.656,0.0,0.0,0.0,0.0,22.39,1.656,0.0,0.0,0.0,0.0
load_70059~P1,true,100.0,32.34,14.763000000000002,0.0,0.0,0.0,0.0,32.34,14.763000000000002,0.0,0.0,0.0,0.0
load_70059~P3,true,100.0,31.919000000000004,12.953000000000001,0.0,0.0,0.0,0.0,31.919000000000004,12.953000000000001,0.0,0.0,0.0,0.0
load_70059~P2,true,100.0,32.042,15.284,0.0,0.0,0.0,0.0,32.042,15.284,0.0,0.0,0.0,0.0
load_70064~P3,true,100.0,12.884,2.723,0.0,0.0,0.0,0.0,12.884,2.723,0.0,0.0,0.0,0.0
load_70064~P1,true,100.0,6.904000000000001,1.334,0.0,0.0,0.0,0.0,6.904000000000001,1.334,0.0,0.0,0.0,0.0
load_70064~P2,true,100.0,7.471,-0.139,0.0,0.0,0.0,0.0,7.471,-0.139,0.0,0.0,0.0,0.0
load_70065~P2,true,100.0,38.252,16.731,0.0,0.0,0.0,0.0,38.252,16.731,0.0,0.0,0.0,0.0
load_70065~P1,true,100.0,41.183,18.874,0.0,0.0,0.0,0.0,41.183,18.874,0.0,0.0,0.0,0.0
load_70065~P3,true,100.0,36.865,15.03,0.0,0.0,0.0,0.0,36.865,15.03,0.0,0.0,0.0,0.0
load_70067~P1,true,100.0,38.018,19.38,0.0,0.0,0.0,0.0,38.018,19.38,0.0,0.0,0.0,0.0
load_70067~P2,true,100.0,37.903,10.346,0.0,0.0,0.0,0.0,37.903,10.346,0.0,0.0,0.0,0.0
load_70068~MU,true,100.0,9.1,2.99,0.0,0.0,0.0,0.0,9.1,2.99,0.0,0.0,0.0,0.0
load_70068~AR,true,100.0,5.73,1.52,0.0,0.0,0.0,0.0,5.73,1.52,0.0,0.0,0.0,0.0
load_70068~RP,true,100.0,6.950000000000001,2.28,0.0,0.0,0.0,0.0,6.950000000000001,2.28,0.0,0.0,0.0,0.0
load_70068~TS,true,100.0,3.74,-0.54,0.0,0.0,0.0,0.0,3.74,-0.54,0.0,0.0,0.0,0.0
load_70073~P3,true,100.0,19.265,2.552,0.0,0.0,0.0,0.0,19.265,2.552,0.0,0.0,0.0,0.0
load_70073~P1,true,100.0,22.169,5.863,0.0,0.0,0.0,0.0,22.169,5.863,0.0,0.0,0.0,0.0
load_70073~P2,true,100.0,25.137999999999998,-1.092,0.0,0.0,0.0,0.0,25.137999999999998,-1.092,0.0,0.0,0.0,0.0
load_70076~P4,true,100.0,0.851,0.29,0.0,0.0,0.0,0.0,0.851,0.29,0.0,0.0,0.0,0.0
load_70081~TS,true,100.0,30.89,8.11,0.0,0.0,0.0,0.0,30.89,8.11,0.0,0.0,0.0,0.0
load_70086~WP,true,100.0,16.563,3.696,0.0,0.0,0.0,0.0,16.563,3.696,0.0,0.0,0.0,0.0
load_70086~TS,true,100.0,0.4,-0.13,0.0,0.0,0.0,0.0,0.4,-0.13,0.0,0.0,0.0,0.0
load_70087~P1,true,100.0,28.248999999999995,7.8469999999999995,0.0,0.0,0.0,0.0,28.248999999999995,7.8469999999999995,0.0,0.0,0.0,0.0
load_70087~P3,true,100.0,27.782,7.670000000000001,0.0,0.0,0.0,0.0,27.782,7.670000000000001,0.0,0.0,0.0,0.0
load_70087~P2,true,100.0,12.705,1.074,0.0,0.0,0.0,0.0,12.705,1.074,0.0,0.0,0.0,0.0
load_70089~P2,true,100.0,8.513,-2.195,0.0,0.0,0.0,0.0,8.513,-2.195,0.0,0.0,0.0,0.0
load_70091~IR,true,100.0,24.226,7.768999999999999,0.0,0.0,0.0,0.0,24.226,7.768999999999999,0.0,0.0,0.0,0.0
load_70092~TS,true,100.0,13.84,4.17,0.0,0.0,0.0,0.0,13.84,4.17,0.0,0.0,0.0,0.0
load_70094~IN,true,100.0,86.981,15.579,0.0,0.0,0.0,0.0,86.981,15.579,0.0,0.0,0.0,0.0
load_70095~IN,true,100.0,18.731,2.625,0.0,0.0,0.0,0.0,18.731,2.625,0.0,0.0,0.0,0.0
load_70097~IN,true,100.0,20.702,22.504,0.0,0.0,0.0,0.0,20.702,22.504,0.0,0.0,0.0,0.0
load_70099~P1,true,100.0,13.496,5.145,0.0,0.0,0.0,0.0,13.496,5.145,0.0,0.0,0.0,0.0
load_70100~P2,true,100.0,44.28,-0.4699999999999999,0.0,0.0,0.0,0.0,44.28,-0.4699999999999999,0.0,0.0,0.0,0.0
load_70100~P1,true,100.0,31.755,6.87,0.0,0.0,0.0,0.0,31.755,6.87,0.0,0.0,0.0,0.0
load_70102~TS,true,100.0,1.97,0.12,0.0,0.0,0.0,0.0,1.97,0.12,0.0,0.0,0.0,0.0
load_70109~IN,true,100.0,17.957,11.0,0.0,0.0,0.0,0.0,17.957,11.0,0.0,0.0,0.0,0.0
load_70112~P3,true,100.0,44.579,18.888,0.0,0.0,0.0,0.0,44.579,18.888,0.0,0.0,0.0,0.0
load_70112~P1,true,100.0,30.497000000000003,5.171,0.0,0.0,0.0,0.0,30.497000000000003,5.171,0.0,0.0,0.0,0.0
load_70112~P2,true,100.0,36.706,16.826,0.0,0.0,0.0,0.0,36.706,16.826,0.0,0.0,0.0,0.0
load_70113~P1,true,100.0,20.129,0.74,0.0,0.0,0.0,0.0,20.129,0.74,0.0,0.0,0.0,0.0
load_70113~P2,true,100.0,15.404000000000002,0.769,0.0,0.0,0.0,0.0,15.404000000000002,0.769,0.0,0.0,0.0,0.0
load_70114~IN,true,100.0,28.769,13.147,0.0,0.0,0.0,0.0,28.769,13.147,0.0,0.0,0.0,0.0
load_70115~IR,true,100.0,14.845,4.879,0.0,0.0,0.0,0.0,14.845,4.879,0.0,0.0,0.0,0.0
load_70117~IR,true,100.0,21.079,6.370000000000001,0.0,0.0,0.0,0.0,21.079,6.370000000000001,0.0,0.0,0.0,0.0
load_70118~MU,true,100.0,1.686,0.554,0.0,0.0,0.0,0.0,1.686,0.554,0.0,0.0,0.0,0.0
load_70124~IR,true,100.0,9.83,-1.118,0.0,0.0,0.0,0.0,9.83,-1.118,0.0,0.0,0.0,0.0
load_70124~P1,true,100.0,11.818,1.38,0.0,0.0,0.0,0.0,11.818,1.38,0.0,0.0,0.0,0.0
load_70126~IN,true,100.0,48.288,33.217,0.0,0.0,0.0,0.0,48.288,33.217,0.0,0.0,0.0,0.0
load_70129~TS,true,100.0,2.458,-1.392,0.0,0.0,0.0,0.0,2.458,-1.392,0.0,0.0,0.0,0.0
load_70130~WP,true,100.0,7.605,-2.612,0.0,0.0,0.0,0.0,7.605,-2.612,0.0,0.0,0.0,0.0
load_70132~AR,true,100.0,10.69,2.02,0.0,0.0,0.0,0.0,10.69,2.02,0.0,0.0,0.0,0.0
load_70134~AR,true,100.0,15.659999999999998,4.52,0.0,0.0,0.0,0.0,15.659999999999998,4.52,0.0,0.0,0.0,0.0
load_70140~GV,true,100.0,2.165,0.711,0.0,0.0,0.0,0.0,2.165,0.711,0.0,0.0,0.0,0.0
load_70140~P1,true,100.0,2.125,0.8500000000000001,0.0,0.0,0.0,0.0,2.125,0.8500000000000001,0.0,0.0,0.0,0.0
load_70141~P2,true,100.0,9.712,-1.474,0.0,0.0,0.0,0.0,9.712,-1.474,0.0,0.0,0.0,0.0
load_70141~P1,true,100.0,33.8,-2.121,0.0,0.0,0.0,0.0,33.8,-2.121,0.0,0.0,0.0,0.0
load_70142~IR,true,100.0,8.313,2.674,0.0,0.0,0.0,0.0,8.313,2.674,0.0,0.0,0.0,0.0
load_70142~P1,true,100.0,31.489,8.854,0.0,0.0,0.0,0.0,31.489,8.854,0.0,0.0,0.0,0.0
load_70143~P3,true,100.0,1.031,0.377,0.0,0.0,0.0,0.0,1.031,0.377,0.0,0.0,0.0,0.0
load_70143~P2,true,100.0,1.683,1.039,0.0,0.0,0.0,0.0,1.683,1.039,0.0,0.0,0.0,0.0
load_70149~P4,true,100.0,48.773,13.327,0.0,0.0,0.0,0.0,48.773,13.327,0.0,0.0,0.0,0.0
load_70149~P5,true,100.0,35.646,2.144,0.0,0.0,0.0,0.0,35.646,2.144,0.0,0.0,0.0,0.0
load_70149~P6,true,100.0,20.131,10.74,0.0,0.0,0.0,0.0,20.131,10.74,0.0,0.0,0.0,0.0
load_70150~TS,true,100.0,9.79,3.05,0.0,0.0,0.0,0.0,9.79,3.05,0.0,0.0,0.0,0.0
load_70151~TS,true,100.0,7.39,2.43,0.0,0.0,0.0,0.0,7.39,2.43,0.0,0.0,0.0,0.0
load_70152~P2,true,100.0,15.738,8.436,0.0,0.0,0.0,0.0,15.738,8.436,0.0,0.0,0.0,0.0
load_70152~P1,true,100.0,8.39,1.446,0.0,0.0,0.0,0.0,8.39,1.446,0.0,0.0,0.0,0.0
load_70153~P1,true,100.0,26.8,8.534,0.0,0.0,0.0,0.0,26.8,8.534,0.0,0.0,0.0,0.0
load_70154~P2,true,100.0,24.26,11.058,0.0,0.0,0.0,0.0,24.26,11.058,0.0,0.0,0.0,0.0
load_70155~P1,true,100.0,6.092,0.524,0.0,0.0,0.0,0.0,6.092,0.524,0.0,0.0,0.0,0.0
load_70156~P3,true,100.0,8.729,5.43,0.0,0.0,0.0,0.0,8.729,5.43,0.0,0.0,0.0,0.0
load_70156~P4,true,100.0,5.725,1.783,0.0,0.0,0.0,0.0,5.725,1.783,0.0,0.0,0.0,0.0
load_70157~IR,true,100.0,7.200000000000001,1.53,0.0,0.0,0.0,0.0,7.200000000000001,1.53,0.0,0.0,0.0,0.0
load_70158~WP,true,100.0,1.513,-3.197,0.0,0.0,0.0,0.0,1.513,-3.197,0.0,0.0,0.0,0.0
load_70160~WP,true,100.0,13.785,0.8130000000000001,0.0,0.0,0.0,0.0,13.785,0.8130000000000001,0.0,0.0,0.0,0.0
load_70161~TS,true,100.0,3.62,0.77,0.0,0.0,0.0,0.0,3.62,0.77,0.0,0.0,0.0,0.0
load_70162~P3,true,100.0,37.43,15.364,0.0,0.0,0.0,0.0,37.43,15.364,0.0,0.0,0.0,0.0
load_70162~P1,true,100.0,38.881,18.114,0.0,0.0,0.0,0.0,38.881,18.114,0.0,0.0,0.0,0.0
load_70162~P2,true,100.0,37.368,9.201,0.0,0.0,0.0,0.0,37.368,9.201,0.0,0.0,0.0,0.0
load_70163~P2,true,100.0,23.083,6.182,0.0,0.0,0.0,0.0,23.083,6.182,0.0,0.0,0.0,0.0
load_70163~P3,true,100.0,25.312999999999995,1.8950000000000002,0.0,0.0,0.0,0.0,25.312999999999995,1.8950000000000002,0.0,0.0,0.0,0.0
load_70163~P1,true,100.0,27.488,3.764,0.0,0.0,0.0,0.0,27.488,3.764,0.0,0.0,0.0,0.0
load_70164~P1,true,100.0,6.563,1.295,0.0,0.0,0.0,0.0,6.563,1.295,0.0,0.0,0.0,0.0
load_70166~P1,true,100.0,46.435,1.529,0.0,0.0,0.0,0.0,46.435,1.529,0.0,0.0,0.0,0.0
load_70167~P2,true,100.0,38.358,0.393,0.0,0.0,0.0,0.0,38.358,0.393,0.0,0.0,0.0,0.0
load_70168~P3,true,100.0,34.396,-4.483,0.0,0.0,0.0,0.0,34.396,-4.483,0.0,0.0,0.0,0.0
load_70169~P1,true,100.0,4.376,1.219,0.0,0.0,0.0,0.0,4.376,1.219,0.0,0.0,0.0,0.0
load_70170~NT,true,100.0,-7.960000000000001,-2.37,0.0,0.0,0.0,0.0,-7.960000000000001,-2.37,0.0,0.0,0.0,0.0
load_70172~IN,true,100.0,9.21,2.348,0.0,0.0,0.0,0.0,9.21,2.348,0.0,0.0,0.0,0.0
load_70174~P2,true,100.0,38.528,16.49,0.0,0.0,0.0,0.0,38.528,16.49,0.0,0.0,0.0,0.0
load_70174~P3,true,100.0,25.328,0.0,0.0,0.0,0.0,0.0,25.328,0.0,0.0,0.0,0.0,0.0
load_70175~P1,true,100.0,30.873,-2.66,0.0,0.0,0.0,0.0,30.873,-2.66,0.0,0.0,0.0,0.0
load_70176~WP,true,100.0,6.299,1.173,0.0,0.0,0.0,0.0,6.299,1.173,0.0,0.0,0.0,0.0
load_70178~TS,true,100.0,1.28,0.13,0.0,0.0,0.0,0.0,1.28,0.13,0.0,0.0,0.0,0.0
load_70178~WP,true,100.0,2.394,-0.552,0.0,0.0,0.0,0.0,2.394,-0.552,0.0,0.0,0.0,0.0
load_70181~WP,true,100.0,8.352,-3.096,0.0,0.0,0.0,0.0,8.352,-3.096,0.0,0.0,0.0,0.0
load_70183~P1,true,100.0,7.727,2.96,0.0,0.0,0.0,0.0,7.727,2.96,0.0,0.0,0.0,0.0
load_70183~GV,true,100.0,2.788,0.835,0.0,0.0,0.0,0.0,2.788,0.835,0.0,0.0,0.0,0.0
load_70184~TS,true,100.0,2.68,0.57,0.0,0.0,0.0,0.0,2.68,0.57,0.0,0.0,0.0,0.0
load_70185~AR,true,100.0,1.15,0.38,0.0,0.0,0.0,0.0,1.15,0.38,0.0,0.0,0.0,0.0
load_70187~P3,true,100.0,1.438,0.355,0.0,0.0,0.0,0.0,1.438,0.355,0.0,0.0,0.0,0.0
load_70187~P2,true,100.0,3.8440000000000003,0.747,0.0,0.0,0.0,0.0,3.8440000000000003,0.747,0.0,0.0,0.0,0.0
load_70187~P1,true,100.0,6.648999999999999,-0.23799999999999996,0.0,0.0,0.0,0.0,6.648999999999999,-0.23799999999999996,0.0,0.0,0.0,0.0
load_70191~TS,true,100.0,8.23,-1.08,0.0,0.0,0.0,0.0,8.23,-1.08,0.0,0.0,0.0,0.0
load_70193~WP,true,100.0,0.693,0.338,0.0,0.0,0.0,0.0,0.693,0.338,0.0,0.0,0.0,0.0
load_70194~TS,true,100.0,20.48,6.7299999999999995,0.0,0.0,0.0,0.0,20.48,6.7299999999999995,0.0,0.0,0.0,0.0
load_70195~NT,true,100.0,-1.6,-0.072,0.0,0.0,0.0,0.0,-1.6,-0.072,0.0,0.0,0.0,0.0
load_70196~P1,true,100.0,4.33,1.652,0.0,0.0,0.0,0.0,4.33,1.652,0.0,0.0,0.0,0.0
load_70198~P1,true,100.0,8.781,0.732,0.0,0.0,0.0,0.0,8.781,0.732,0.0,0.0,0.0,0.0
load_70199~P1,true,100.0,1.214,0.346,0.0,0.0,0.0,0.0,1.214,0.346,0.0,0.0,0.0,0.0
load_70200~P2,true,100.0,34.143,2.55,0.0,0.0,0.0,0.0,34.143,2.55,0.0,0.0,0.0,0.0
load_70200~P3,true,100.0,41.115,19.285,0.0,0.0,0.0,0.0,41.115,19.285,0.0,0.0,0.0,0.0
load_70200~P1,true,100.0,31.942999999999998,13.877,0.0,0.0,0.0,0.0,31.942999999999998,13.877,0.0,0.0,0.0,0.0
load_70201~GW,true,100.0,6.461,2.554,0.0,0.0,0.0,0.0,6.461,2.554,0.0,0.0,0.0,0.0
load_70204~TS,true,100.0,0.79,0.17,0.0,0.0,0.0,0.0,0.79,0.17,0.0,0.0,0.0,0.0
load_70206~P2,true,100.0,38.311,12.464,0.0,0.0,0.0,0.0,38.311,12.464,0.0,0.0,0.0,0.0
load_70206~P1,true,100.0,35.743,1.859,0.0,0.0,0.0,0.0,35.743,1.859,0.0,0.0,0.0,0.0
load_70209~P4,true,100.0,35.478,14.310999999999998,0.0,0.0,0.0,0.0,35.478,14.310999999999998,0.0,0.0,0.0,0.0
load_70209~P3,true,100.0,32.951,9.996,0.0,0.0,0.0,0.0,32.951,9.996,0.0,0.0,0.0,0.0
load_70211~TS,true,100.0,4.12,0.64,0.0,0.0,0.0,0.0,4.12,0.64,0.0,0.0,0.0,0.0
load_70211~IN,true,100.0,17.84,4.848,0.0,0.0,0.0,0.0,17.84,4.848,0.0,0.0,0.0,0.0
load_70212~P2,true,100.0,35.065,5.25,0.0,0.0,0.0,0.0,35.065,5.25,0.0,0.0,0.0,0.0
load_70212~P1,true,100.0,33.655,3.885,0.0,0.0,0.0,0.0,33.655,3.885,0.0,0.0,0.0,0.0
load_70212~P3,true,100.0,31.656000000000002,4.362,0.0,0.0,0.0,0.0,31.656000000000002,4.362,0.0,0.0,0.0,0.0
load_70213~IN,true,100.0,17.84,4.826,0.0,0.0,0.0,0.0,17.84,4.826,0.0,0.0,0.0,0.0
load_70215~P1,true,100.0,31.202,6.206,0.0,0.0,0.0,0.0,31.202,6.206,0.0,0.0,0.0,0.0
load_70215~P2,true,100.0,38.97,11.21,0.0,0.0,0.0,0.0,38.97,11.21,0.0,0.0,0.0,0.0
load_70216~P1,true,100.0,48.666,-0.9990000000000001,0.0,0.0,0.0,0.0,48.666,-0.9990000000000001,0.0,0.0,0.0,0.0
load_70217~P3,true,100.0,19.175,6.555,0.0,0.0,0.0,0.0,19.175,6.555,0.0,0.0,0.0,0.0
load_70217~P2,true,100.0,29.012,11.789,0.0,0.0,0.0,0.0,29.012,11.789,0.0,0.0,0.0,0.0
load_70218~IN,true,100.0,14.282,6.277000000000001,0.0,0.0,0.0,0.0,14.282,6.277000000000001,0.0,0.0,0.0,0.0
load_70219~IN,true,100.0,44.0,14.400000000000002,0.0,0.0,0.0,0.0,44.0,14.400000000000002,0.0,0.0,0.0,0.0
load_70220~WP,true,100.0,0.0,0.0,0.0,0.0,0.0,0.0,0.0,0.0,0.0,0.0,0.0,0.0
load_70221~TS,true,100.0,0.63,-0.21,0.0,0.0,0.0,0.0,0.63,-0.21,0.0,0.0,0.0,0.0
load_70222~TS,true,100.0,2.44,-4.39,0.0,0.0,0.0,0.0,2.44,-4.39,0.0,0.0,0.0,0.0
load_70228~P2,true,100.0,10.372,5.662,0.0,0.0,0.0,0.0,10.372,5.662,0.0,0.0,0.0,0.0
load_70228~P1,true,100.0,1.978,1.303,0.0,0.0,0.0,0.0,1.978,1.303,0.0,0.0,0.0,0.0
load_70229~TS,true,100.0,4.61,1.39,0.0,0.0,0.0,0.0,4.61,1.39,0.0,0.0,0.0,0.0
load_70233~P1,true,100.0,17.972,0.42899999999999994,0.0,0.0,0.0,0.0,17.972,0.42899999999999994,0.0,0.0,0.0,0.0
load_70233~P2,true,100.0,18.206,6.399000000000001,0.0,0.0,0.0,0.0,18.206,6.399000000000001,0.0,0.0,0.0,0.0
load_70235~WP,true,100.0,2.817,0.704,0.0,0.0,0.0,0.0,2.817,0.704,0.0,0.0,0.0,0.0
load_70236~WP,true,100.0,15.155,0.271,0.0,0.0,0.0,0.0,15.155,0.271,0.0,0.0,0.0,0.0
load_70237~P1,true,100.0,14.393,3.4639999999999995,0.0,0.0,0.0,0.0,14.393,3.4639999999999995,0.0,0.0,0.0,0.0
load_70239~P2,true,100.0,27.852,8.091,0.0,0.0,0.0,0.0,27.852,8.091,0.0,0.0,0.0,0.0
load_70239~P3,true,100.0,31.652,9.608,0.0,0.0,0.0,0.0,31.652,9.608,0.0,0.0,0.0,0.0
load_70240~P1,true,100.0,13.544999999999998,-0.676,0.0,0.0,0.0,0.0,13.544999999999998,-0.676,0.0,0.0,0.0,0.0
load_70241~P1,true,100.0,37.184,6.436,0.0,0.0,0.0,0.0,37.184,6.436,0.0,0.0,0.0,0.0
load_70241~P2,true,100.0,13.782,1.27,0.0,0.0,0.0,0.0,13.782,1.27,0.0,0.0,0.0,0.0
load_70242~P2,true,100.0,38.51,-4.056,0.0,0.0,0.0,0.0,38.51,-4.056,0.0,0.0,0.0,0.0
load_70242~P1,true,100.0,38.164,15.664,0.0,0.0,0.0,0.0,38.164,15.664,0.0,0.0,0.0,0.0
load_70243~TS,true,100.0,3.32,1.09,0.0,0.0,0.0,0.0,3.32,1.09,0.0,0.0,0.0,0.0
load_70244~P2,true,100.0,31.034,15.227000000000002,0.0,0.0,0.0,0.0,31.034,15.227000000000002,0.0,0.0,0.0,0.0
load_70244~P3,true,100.0,44.472,26.661,0.0,0.0,0.0,0.0,44.472,26.661,0.0,0.0,0.0,0.0
load_70245~TS,true,100.0,9.03,1.42,0.0,0.0,0.0,0.0,9.03,1.42,0.0,0.0,0.0,0.0
load_70246~P2,true,100.0,15.741,6.802,0.0,0.0,0.0,0.0,15.741,6.802,0.0,0.0,0.0,0.0
load_70248~TS,true,100.0,5.66,1.86,0.0,0.0,0.0,0.0,5.66,1.86,0.0,0.0,0.0,0.0
load_70250~WP,true,100.0,1.6650000000000003,0.286,0.0,0.0,0.0,0.0,1.6650000000000003,0.286,0.0,0.0,0.0,0.0
load_70251~P1,true,100.0,28.692,-4.175,0.0,0.0,0.0,0.0,28.692,-4.175,0.0,0.0,0.0,0.0
load_70252~P2,true,100.0,42.857,-3.833,0.0,0.0,0.0,0.0,42.857,-3.833,0.0,0.0,0.0,0.0
load_70257~P1,true,100.0,1.484,0.877,0.0,0.0,0.0,0.0,1.484,0.877,0.0,0.0,0.0,0.0
load_70258~P2,true,100.0,2.348,1.029,0.0,0.0,0.0,0.0,2.348,1.029,0.0,0.0,0.0,0.0
load_70259~P1,true,100.0,29.157,10.436,0.0,0.0,0.0,0.0,29.157,10.436,0.0,0.0,0.0,0.0
load_70259~P2,true,100.0,33.185,8.954,0.0,0.0,0.0,0.0,33.185,8.954,0.0,0.0,0.0,0.0
load_70261~P1,true,100.0,42.59,18.432,0.0,0.0,0.0,0.0,42.59,18.432,0.0,0.0,0.0,0.0
load_70261~P2,true,100.0,25.345000000000002,5.757,0.0,0.0,0.0,0.0,25.345000000000002,5.757,0.0,0.0,0.0,0.0
load_70263~P1,true,100.0,9.481,3.128,0.0,0.0,0.0,0.0,9.481,3.128,0.0,0.0,0.0,0.0
load_70263~P3,true,100.0,28.575,10.845,0.0,0.0,0.0,0.0,28.575,10.845,0.0,0.0,0.0,0.0
load_70263~P2,true,100.0,34.041,13.534000000000002,0.0,0.0,0.0,0.0,34.041,13.534000000000002,0.0,0.0,0.0,0.0
load_70266~P3,true,100.0,37.849,-0.909,0.0,0.0,0.0,0.0,37.849,-0.909,0.0,0.0,0.0,0.0
load_70266~P4,true,100.0,33.055,10.247,0.0,0.0,0.0,0.0,33.055,10.247,0.0,0.0,0.0,0.0
load_70268~GV,true,100.0,18.045,5.931,0.0,0.0,0.0,0.0,18.045,5.931,0.0,0.0,0.0,0.0
load_70269~P1,true,100.0,22.876,6.567,0.0,0.0,0.0,0.0,22.876,6.567,0.0,0.0,0.0,0.0
load_70269~P2,true,100.0,34.28,3.887,0.0,0.0,0.0,0.0,34.28,3.887,0.0,0.0,0.0,0.0
load_70270~WP,true,100.0,0.0,0.0,0.0,0.0,0.0,0.0,0.0,0.0,0.0,0.0,0.0,0.0
load_70271~AR,true,100.0,3.06,1.0,0.0,0.0,0.0,0.0,3.06,1.0,0.0,0.0,0.0,0.0
load_70275~WP,true,100.0,2.878,-1.541,0.0,0.0,0.0,0.0,2.878,-1.541,0.0,0.0,0.0,0.0
load_70275~TS,true,100.0,2.36,-0.02,0.0,0.0,0.0,0.0,2.36,-0.02,0.0,0.0,0.0,0.0
load_70276~P1,true,100.0,35.612,13.873,0.0,0.0,0.0,0.0,35.612,13.873,0.0,0.0,0.0,0.0
load_70277~P2,true,100.0,37.974,16.424,0.0,0.0,0.0,0.0,37.974,16.424,0.0,0.0,0.0,0.0
load_70278~P2,true,100.0,41.316,15.048,0.0,0.0,0.0,0.0,41.316,15.048,0.0,0.0,0.0,0.0
load_70278~P3,true,100.0,33.242,11.674,0.0,0.0,0.0,0.0,33.242,11.674,0.0,0.0,0.0,0.0
load_70278~P1,true,100.0,34.43,12.239,0.0,0.0,0.0,0.0,34.43,12.239,0.0,0.0,0.0,0.0
load_70279~P1,true,100.0,19.325,8.284,0.0,0.0,0.0,0.0,19.325,8.284,0.0,0.0,0.0,0.0
load_70280~P2,true,100.0,22.444,8.693,0.0,0.0,0.0,0.0,22.444,8.693,0.0,0.0,0.0,0.0
load_70280~NT,true,100.0,-1.2,-0.715,0.0,0.0,0.0,0.0,-1.2,-0.715,0.0,0.0,0.0,0.0
load_70281~P1,true,100.0,2.438,0.055,0.0,0.0,0.0,0.0,2.438,0.055,0.0,0.0,0.0,0.0
load_70281~P2,true,100.0,4.293,0.349,0.0,0.0,0.0,0.0,4.293,0.349,0.0,0.0,0.0,0.0
load_70281~IN,true,100.0,12.0,3.106,0.0,0.0,0.0,0.0,12.0,3.106,0.0,0.0,0.0,0.0
load_70282~P3,true,100.0,34.047,7.042,0.0,0.0,0.0,0.0,34.047,7.042,0.0,0.0,0.0,0.0
load_70283~P1,true,100.0,40.604,13.364999999999998,0.0,0.0,0.0,0.0,40.604,13.364999999999998,0.0,0.0,0.0,0.0
load_70283~P2,true,100.0,37.144,18.751,0.0,0.0,0.0,0.0,37.144,18.751,0.0,0.0,0.0,0.0
load_70284~P2,true,100.0,35.163,-0.8250000000000001,0.0,0.0,0.0,0.0,35.163,-0.8250000000000001,0.0,0.0,0.0,0.0
load_70284~P1,true,100.0,46.369,10.646,0.0,0.0,0.0,0.0,46.369,10.646,0.0,0.0,0.0,0.0
load_70287~IN,true,100.0,32.822,22.457,0.0,0.0,0.0,0.0,32.822,22.457,0.0,0.0,0.0,0.0
load_70288~GW,true,100.0,6.97,1.7469999999999999,0.0,0.0,0.0,0.0,6.97,1.7469999999999999,0.0,0.0,0.0,0.0
load_70289~TS,true,100.0,3.74,0.32,0.0,0.0,0.0,0.0,3.74,0.32,0.0,0.0,0.0,0.0
load_70289~P1,true,100.0,0.319,0.108,0.0,0.0,0.0,0.0,0.319,0.108,0.0,0.0,0.0,0.0
load_70290~P1,true,100.0,43.943,0.095,0.0,0.0,0.0,0.0,43.943,0.095,0.0,0.0,0.0,0.0
load_70290~IN,true,100.0,14.780999999999999,11.455,0.0,0.0,0.0,0.0,14.780999999999999,11.455,0.0,0.0,0.0,0.0
load_70291~P2,true,100.0,30.171,11.38,0.0,0.0,0.0,0.0,30.171,11.38,0.0,0.0,0.0,0.0
load_70291~P1,true,100.0,45.704,18.116,0.0,0.0,0.0,0.0,45.704,18.116,0.0,0.0,0.0,0.0
load_70292~P1,true,100.0,5.49,2.043,0.0,0.0,0.0,0.0,5.49,2.043,0.0,0.0,0.0,0.0
load_70292~NT,true,100.0,-7.942,-2.098,0.0,0.0,0.0,0.0,-7.942,-2.098,0.0,0.0,0.0,0.0
load_70293~WP,true,100.0,4.048,0.461,0.0,0.0,0.0,0.0,4.048,0.461,0.0,0.0,0.0,0.0
load_70295~P1,true,100.0,17.788,3.882,0.0,0.0,0.0,0.0,17.788,3.882,0.0,0.0,0.0,0.0
load_70295~P2,true,100.0,15.264,4.801,0.0,0.0,0.0,0.0,15.264,4.801,0.0,0.0,0.0,0.0
load_70296~P1,true,100.0,1.659,0.603,0.0,0.0,0.0,0.0,1.659,0.603,0.0,0.0,0.0,0.0
load_70296~P2,true,100.0,6.258,2.302,0.0,0.0,0.0,0.0,6.258,2.302,0.0,0.0,0.0,0.0
load_70297~P2,true,100.0,21.689,-3.296,0.0,0.0,0.0,0.0,21.689,-3.296,0.0,0.0,0.0,0.0
load_70297~P1,true,100.0,21.009,-1.813,0.0,0.0,0.0,0.0,21.009,-1.813,0.0,0.0,0.0,0.0
load_70298~P1,true,100.0,19.798,4.976,0.0,0.0,0.0,0.0,19.798,4.976,0.0,0.0,0.0,0.0
load_70298~P2,true,100.0,25.507999999999996,8.15,0.0,0.0,0.0,0.0,25.507999999999996,8.15,0.0,0.0,0.0,0.0
load_70298~P3,true,100.0,26.865,8.734,0.0,0.0,0.0,0.0,26.865,8.734,0.0,0.0,0.0,0.0
load_70299~IN,true,100.0,47.5,15.6,0.0,0.0,0.0,0.0,47.5,15.6,0.0,0.0,0.0,0.0
load_70301~WP,true,100.0,13.695000000000002,1.752,0.0,0.0,0.0,0.0,13.695000000000002,1.752,0.0,0.0,0.0,0.0
load_70303~WP,true,100.0,1.722,0.319,0.0,0.0,0.0,0.0,1.722,0.319,0.0,0.0,0.0,0.0
load_70304~CS,true,100.0,12.5,3.7000000000000006,0.0,0.0,0.0,0.0,12.5,3.7000000000000006,0.0,0.0,0.0,0.0
load_70305~WP,true,100.0,2.67,-0.572,0.0,0.0,0.0,0.0,2.67,-0.572,0.0,0.0,0.0,0.0
load_70306~WP,true,100.0,0.0,0.0,0.0,0.0,0.0,0.0,0.0,0.0,0.0,0.0,0.0,0.0
load_70307~TS,true,100.0,35.48,11.52,0.0,0.0,0.0,0.0,35.48,11.52,0.0,0.0,0.0,0.0
load_70309~HC,true,100.0,4.09,-0.369,0.0,0.0,0.0,0.0,4.09,-0.369,0.0,0.0,0.0,0.0
load_70309~P1,true,100.0,14.521,6.432,0.0,0.0,0.0,0.0,14.521,6.432,0.0,0.0,0.0,0.0
load_70312~TS,true,100.0,3.3099999999999996,-0.39,0.0,0.0,0.0,0.0,3.3099999999999996,-0.39,0.0,0.0,0.0,0.0
load_70313~IR,true,100.0,55.578,18.268,0.0,0.0,0.0,0.0,55.578,18.268,0.0,0.0,0.0,0.0
load_70316~WP,true,100.0,1.759,0.923,0.0,0.0,0.0,0.0,1.759,0.923,0.0,0.0,0.0,0.0
load_70318~WP,true,100.0,2.753,-0.48,0.0,0.0,0.0,0.0,2.753,-0.48,0.0,0.0,0.0,0.0
load_70319~WP,true,100.0,0.4759999999999999,0.123,0.0,0.0,0.0,0.0,0.4759999999999999,0.123,0.0,0.0,0.0,0.0
load_70321~TS,true,100.0,1.79,0.21,0.0,0.0,0.0,0.0,1.79,0.21,0.0,0.0,0.0,0.0
load_70322~TS,true,100.0,8.71,-2.1,0.0,0.0,0.0,0.0,8.71,-2.1,0.0,0.0,0.0,0.0
load_70323~P3,true,100.0,52.174,6.326999999999999,0.0,0.0,0.0,0.0,52.174,6.326999999999999,0.0,0.0,0.0,0.0
load_70324~P2,true,100.0,25.678,13.764999999999999,0.0,0.0,0.0,0.0,25.678,13.764999999999999,0.0,0.0,0.0,0.0
load_70324~P1,true,100.0,31.562999999999995,5.44,0.0,0.0,0.0,0.0,31.562999999999995,5.44,0.0,0.0,0.0,0.0
load_70324~P3,true,100.0,27.979,13.544,0.0,0.0,0.0,0.0,27.979,13.544,0.0,0.0,0.0,0.0
load_70325~TS,true,100.0,3.01,0.4699999999999999,0.0,0.0,0.0,0.0,3.01,0.4699999999999999,0.0,0.0,0.0,0.0
load_70327~NT,true,100.0,-1.399,0.019,0.0,0.0,0.0,0.0,-1.399,0.019,0.0,0.0,0.0,0.0
load_70327~P1,true,100.0,13.530000000000001,2.068,0.0,0.0,0.0,0.0,13.530000000000001,2.068,0.0,0.0,0.0,0.0
load_70328~IN,true,100.0,0.188,0.154,0.0,0.0,0.0,0.0,0.188,0.154,0.0,0.0,0.0,0.0
load_70329~WP,true,100.0,0.415,-0.415,0.0,0.0,0.0,0.0,0.415,-0.415,0.0,0.0,0.0,0.0
load_70329~TS,true,100.0,0.63,0.16,0.0,0.0,0.0,0.0,0.63,0.16,0.0,0.0,0.0,0.0
load_70330~WP,true,100.0,30.734,4.364,0.0,0.0,0.0,0.0,30.734,4.364,0.0,0.0,0.0,0.0
load_70331~P1,true,100.0,39.327,-0.528,0.0,0.0,0.0,0.0,39.327,-0.528,0.0,0.0,0.0,0.0
load_70331~P2,true,100.0,37.493,18.889,0.0,0.0,0.0,0.0,37.493,18.889,0.0,0.0,0.0,0.0
load_70332~WP,true,100.0,11.149,1.974,0.0,0.0,0.0,0.0,11.149,1.974,0.0,0.0,0.0,0.0
load_70333~TS,true,100.0,2.05,0.44,0.0,0.0,0.0,0.0,2.05,0.44,0.0,0.0,0.0,0.0
load_70335~TS,true,100.0,11.21,3.6799999999999997,0.0,0.0,0.0,0.0,11.21,3.6799999999999997,0.0,0.0,0.0,0.0
load_70338~WP,true,100.0,0.0,0.0,0.0,0.0,0.0,0.0,0.0,0.0,0.0,0.0,0.0,0.0
load_70339~WP,true,100.0,26.649,4.788,0.0,0.0,0.0,0.0,26.649,4.788,0.0,0.0,0.0,0.0
load_70340~P1,true,100.0,32.561,-0.951,0.0,0.0,0.0,0.0,32.561,-0.951,0.0,0.0,0.0,0.0
load_70341~P2,true,100.0,41.805,20.462,0.0,0.0,0.0,0.0,41.805,20.462,0.0,0.0,0.0,0.0
load_70343~NT,true,100.0,-3.2969999999999997,-0.9990000000000001,0.0,0.0,0.0,0.0,-3.2969999999999997,-0.9990000000000001,0.0,0.0,0.0,0.0
load_70343~P1,true,100.0,3.5220000000000002,-2.892,0.0,0.0,0.0,0.0,3.5220000000000002,-2.892,0.0,0.0,0.0,0.0
load_70345~P1,true,100.0,28.648,10.732,0.0,0.0,0.0,0.0,28.648,10.732,0.0,0.0,0.0,0.0
load_70346~P2,true,100.0,32.146,10.761,0.0,0.0,0.0,0.0,32.146,10.761,0.0,0.0,0.0,0.0
load_70355~P3,true,100.0,26.086,-1.6680000000000001,0.0,0.0,0.0,0.0,26.086,-1.6680000000000001,0.0,0.0,0.0,0.0
load_70356~IN,true,100.0,3.2,1.523,0.0,0.0,0.0,0.0,3.2,1.523,0.0,0.0,0.0,0.0
load_70357~IN,true,100.0,53.85300000000001,19.2,0.0,0.0,0.0,0.0,53.85300000000001,19.2,0.0,0.0,0.0,0.0
load_70360~P1,true,100.0,4.367,2.196,0.0,0.0,0.0,0.0,4.367,2.196,0.0,0.0,0.0,0.0
load_70360~P2,true,100.0,2.573,1.8689999999999998,0.0,0.0,0.0,0.0,2.573,1.8689999999999998,0.0,0.0,0.0,0.0
load_70362~P1,true,100.0,34.543,9.022,0.0,0.0,0.0,0.0,34.543,9.022,0.0,0.0,0.0,0.0
load_70362~P2,true,100.0,33.904,11.465,0.0,0.0,0.0,0.0,33.904,11.465,0.0,0.0,0.0,0.0
load_70363~GW,true,100.0,7.774,0.0,0.0,0.0,0.0,0.0,7.774,0.0,0.0,0.0,0.0,0.0
load_70365~P1,true,100.0,35.79,10.36,0.0,0.0,0.0,0.0,35.79,10.36,0.0,0.0,0.0,0.0
load_70365~P2,true,100.0,38.01,12.22,0.0,0.0,0.0,0.0,38.01,12.22,0.0,0.0,0.0,0.0
load_70366~WP,true,100.0,4.684,0.301,0.0,0.0,0.0,0.0,4.684,0.301,0.0,0.0,0.0,0.0
load_70367~P2,true,100.0,3.5159999999999996,1.514,0.0,0.0,0.0,0.0,3.5159999999999996,1.514,0.0,0.0,0.0,0.0
load_70367~P1,true,100.0,3.06,1.677,0.0,0.0,0.0,0.0,3.06,1.677,0.0,0.0,0.0,0.0
load_70368~P1,true,100.0,27.234,2.821,0.0,0.0,0.0,0.0,27.234,2.821,0.0,0.0,0.0,0.0
load_70368~P2,true,100.0,17.4,6.765000000000001,0.0,0.0,0.0,0.0,17.4,6.765000000000001,0.0,0.0,0.0,0.0
load_70369~P2,true,100.0,18.889,5.919,0.0,0.0,0.0,0.0,18.889,5.919,0.0,0.0,0.0,0.0
load_70369~P1,true,100.0,29.652999999999995,10.948,0.0,0.0,0.0,0.0,29.652999999999995,10.948,0.0,0.0,0.0,0.0
load_70370~WP,true,100.0,3.385,0.366,0.0,0.0,0.0,0.0,3.385,0.366,0.0,0.0,0.0,0.0
load_70373~TS,true,100.0,5.14,-1.27,0.0,0.0,0.0,0.0,5.14,-1.27,0.0,0.0,0.0,0.0
load_70377~P2,true,100.0,26.26,7.339000000000001,0.0,0.0,0.0,0.0,26.26,7.339000000000001,0.0,0.0,0.0,0.0
load_70377~IN,true,100.0,22.69,7.458000000000001,0.0,0.0,0.0,0.0,22.69,7.458000000000001,0.0,0.0,0.0,0.0
load_70377~P1,true,100.0,39.991,19.503,0.0,0.0,0.0,0.0,39.991,19.503,0.0,0.0,0.0,0.0
load_70377~P3,true,100.0,31.756,14.518,0.0,0.0,0.0,0.0,31.756,14.518,0.0,0.0,0.0,0.0
load_70378~WP,true,100.0,33.796,10.488,0.0,0.0,0.0,0.0,33.796,10.488,0.0,0.0,0.0,0.0
load_70379~P2,true,100.0,7.804,6.544999999999999,0.0,0.0,0.0,0.0,7.804,6.544999999999999,0.0,0.0,0.0,0.0
load_70381~IR,true,100.0,5.641,1.854,0.0,0.0,0.0,0.0,5.641,1.854,0.0,0.0,0.0,0.0
load_70381~NT,true,100.0,-2.3,0.956,0.0,0.0,0.0,0.0,-2.3,0.956,0.0,0.0,0.0,0.0
load_70382~P1,true,100.0,42.193,17.373,0.0,0.0,0.0,0.0,42.193,17.373,0.0,0.0,0.0,0.0
load_70382~P2,true,100.0,35.014,13.471,0.0,0.0,0.0,0.0,35.014,13.471,0.0,0.0,0.0,0.0
load_70383~TS,true,100.0,2.53,-0.83,0.0,0.0,0.0,0.0,2.53,-0.83,0.0,0.0,0.0,0.0
load_70384~P2,true,100.0,14.901,5.283,0.0,0.0,0.0,0.0,14.901,5.283,0.0,0.0,0.0,0.0
load_70384~P1,true,100.0,32.24,13.350000000000001,0.0,0.0,0.0,0.0,32.24,13.350000000000001,0.0,0.0,0.0,0.0
load_70385~NT,true,100.0,-15.0,-8.0,0.0,0.0,0.0,0.0,-15.0,-8.0,0.0,0.0,0.0,0.0
load_70385~P5,true,100.0,9.095,3.963,0.0,0.0,0.0,0.0,9.095,3.963,0.0,0.0,0.0,0.0
load_70390~WP,true,100.0,7.575,2.995,0.0,0.0,0.0,0.0,7.575,2.995,0.0,0.0,0.0,0.0
load_70391~TS,true,100.0,3.73,-1.23,0.0,0.0,0.0,0.0,3.73,-1.23,0.0,0.0,0.0,0.0
load_70391~WP,true,100.0,4.111,-2.499,0.0,0.0,0.0,0.0,4.111,-2.499,0.0,0.0,0.0,0.0
load_70392~P2,true,100.0,12.798000000000002,3.7699999999999996,0.0,0.0,0.0,0.0,12.798000000000002,3.7699999999999996,0.0,0.0,0.0,0.0
load_70392~P1,true,100.0,11.566,3.357,0.0,0.0,0.0,0.0,11.566,3.357,0.0,0.0,0.0,0.0
load_70394~TS,true,100.0,2.31,-0.22,0.0,0.0,0.0,0.0,2.31,-0.22,0.0,0.0,0.0,0.0
load_70397~P2,true,100.0,13.140000000000002,4.437,0.0,0.0,0.0,0.0,13.140000000000002,4.437,0.0,0.0,0.0,0.0
load_70398~P5,true,100.0,0.56,0.16,0.0,0.0,0.0,0.0,0.56,0.16,0.0,0.0,0.0,0.0
load_70400~P1,true,100.0,27.532,8.78,0.0,0.0,0.0,0.0,27.532,8.78,0.0,0.0,0.0,0.0
load_70400~IR,true,100.0,12.47,2.65,0.0,0.0,0.0,0.0,12.47,2.65,0.0,0.0,0.0,0.0
load_70401~P1,true,100.0,54.36099999999999,18.123,0.0,0.0,0.0,0.0,54.36099999999999,18.123,0.0,0.0,0.0,0.0
load_70402~P2,true,100.0,38.485,-0.63,0.0,0.0,0.0,0.0,38.485,-0.63,0.0,0.0,0.0,0.0
load_70404~AR,true,100.0,3.2400000000000007,0.8100000000000002,0.0,0.0,0.0,0.0,3.2400000000000007,0.8100000000000002,0.0,0.0,0.0,0.0
load_70405~WP,true,100.0,6.260000000000001,-2.319,0.0,0.0,0.0,0.0,6.260000000000001,-2.319,0.0,0.0,0.0,0.0
load_70411~TS,true,100.0,5.59,0.0,0.0,0.0,0.0,0.0,5.59,0.0,0.0,0.0,0.0,0.0
load_70412~TS,true,100.0,15.509999999999998,5.1,0.0,0.0,0.0,0.0,15.509999999999998,5.1,0.0,0.0,0.0,0.0
load_70413~TS,true,100.0,2.72,-0.03,0.0,0.0,0.0,0.0,2.72,-0.03,0.0,0.0,0.0,0.0
load_70414~TS,true,100.0,1.71,-0.42,0.0,0.0,0.0,0.0,1.71,-0.42,0.0,0.0,0.0,0.0
load_70415~WP,true,100.0,5.655,-1.614,0.0,0.0,0.0,0.0,5.655,-1.614,0.0,0.0,0.0,0.0
load_70416~IR,true,100.0,16.49,7.41,0.0,0.0,0.0,0.0,16.49,7.41,0.0,0.0,0.0,0.0
load_70417~P3,true,100.0,11.492,2.888,0.0,0.0,0.0,0.0,11.492,2.888,0.0,0.0,0.0,0.0
load_70417~NT,true,100.0,-2.299,-0.735,0.0,0.0,0.0,0.0,-2.299,-0.735,0.0,0.0,0.0,0.0
load_70418~NT,true,100.0,-1.899,0.259,0.0,0.0,0.0,0.0,-1.899,0.259,0.0,0.0,0.0,0.0
load_70418~P1,true,100.0,8.737,0.877,0.0,0.0,0.0,0.0,8.737,0.877,0.0,0.0,0.0,0.0
load_70419~IR,true,100.0,3.85,1.27,0.0,0.0,0.0,0.0,3.85,1.27,0.0,0.0,0.0,0.0
load_70422~WP,true,100.0,7.854,-1.745,0.0,0.0,0.0,0.0,7.854,-1.745,0.0,0.0,0.0,0.0
load_70423~P1,true,100.0,18.628,7.166,0.0,0.0,0.0,0.0,18.628,7.166,0.0,0.0,0.0,0.0
load_70425~TS,true,100.0,0.98,-0.04,0.0,0.0,0.0,0.0,0.98,-0.04,0.0,0.0,0.0,0.0
load_70428~P2,true,100.0,23.394,5.804,0.0,0.0,0.0,0.0,23.394,5.804,0.0,0.0,0.0,0.0
load_70428~P1,true,100.0,33.208,5.702,0.0,0.0,0.0,0.0,33.208,5.702,0.0,0.0,0.0,0.0
load_70429~IR,true,100.0,3.4939999999999998,1.148,0.0,0.0,0.0,0.0,3.4939999999999998,1.148,0.0,0.0,0.0,0.0
load_70432~P2,true,100.0,40.804,9.442,0.0,0.0,0.0,0.0,40.804,9.442,0.0,0.0,0.0,0.0
load_70432~P1,true,100.0,40.145,11.305,0.0,0.0,0.0,0.0,40.145,11.305,0.0,0.0,0.0,0.0
load_70434~TS,true,100.0,0.91,-0.25,0.0,0.0,0.0,0.0,0.91,-0.25,0.0,0.0,0.0,0.0
load_70436~GV,true,100.0,1.7310000000000003,0.44400000000000006,0.0,0.0,0.0,0.0,1.7310000000000003,0.44400000000000006,0.0,0.0,0.0,0.0
load_70438~P1,true,100.0,22.088,6.229,0.0,0.0,0.0,0.0,22.088,6.229,0.0,0.0,0.0,0.0
load_70438~P3,true,100.0,12.674,0.393,0.0,0.0,0.0,0.0,12.674,0.393,0.0,0.0,0.0,0.0
load_70441~P1,true,100.0,27.302,6.13,0.0,0.0,0.0,0.0,27.302,6.13,0.0,0.0,0.0,0.0
load_70441~P2,true,100.0,28.660000000000004,-0.35,0.0,0.0,0.0,0.0,28.660000000000004,-0.35,0.0,0.0,0.0,0.0
load_70441~P3,true,100.0,26.752,5.95,0.0,0.0,0.0,0.0,26.752,5.95,0.0,0.0,0.0,0.0
load_70449~WP,true,100.0,10.539,-4.15,0.0,0.0,0.0,0.0,10.539,-4.15,0.0,0.0,0.0,0.0
load_70450~P1,true,100.0,9.939,3.7379999999999995,0.0,0.0,0.0,0.0,9.939,3.7379999999999995,0.0,0.0,0.0,0.0
load_70451~WP,true,100.0,1.406,1.362,0.0,0.0,0.0,0.0,1.406,1.362,0.0,0.0,0.0,0.0
load_70454~P1,true,100.0,6.998,3.103,0.0,0.0,0.0,0.0,6.998,3.103,0.0,0.0,0.0,0.0
load_70457~TS,true,100.0,-2.51,-4.74,0.0,0.0,0.0,0.0,-2.51,-4.74,0.0,0.0,0.0,0.0
load_70458~TS,true,100.0,14.26,-4.69,0.0,0.0,0.0,0.0,14.26,-4.69,0.0,0.0,0.0,0.0
load_70460~TS,true,100.0,7.090000000000001,-0.26,0.0,0.0,0.0,0.0,7.090000000000001,-0.26,0.0,0.0,0.0,0.0
load_70461~P3,true,100.0,47.142,25.766,0.0,0.0,0.0,0.0,47.142,25.766,0.0,0.0,0.0,0.0
load_70461~P1,true,100.0,23.519,-4.981,0.0,0.0,0.0,0.0,23.519,-4.981,0.0,0.0,0.0,0.0
load_70461~P2,true,100.0,39.454,8.75,0.0,0.0,0.0,0.0,39.454,8.75,0.0,0.0,0.0,0.0
load_70471~P5,true,100.0,17.465,7.812000000000001,0.0,0.0,0.0,0.0,17.465,7.812000000000001,0.0,0.0,0.0,0.0
load_70471~P4,true,100.0,17.408,5.395,0.0,0.0,0.0,0.0,17.408,5.395,0.0,0.0,0.0,0.0
load_70473~TS,true,100.0,5.83,1.24,0.0,0.0,0.0,0.0,5.83,1.24,0.0,0.0,0.0,0.0
load_70474~P2,true,100.0,15.190000000000001,-2.466,0.0,0.0,0.0,0.0,15.190000000000001,-2.466,0.0,0.0,0.0,0.0
load_70474~P1,true,100.0,27.149999999999995,15.023,0.0,0.0,0.0,0.0,27.149999999999995,15.023,0.0,0.0,0.0,0.0
load_70475~P1,true,100.0,33.582,8.153,0.0,0.0,0.0,0.0,33.582,8.153,0.0,0.0,0.0,0.0
load_70475~P2,true,100.0,30.012,6.907000000000001,0.0,0.0,0.0,0.0,30.012,6.907000000000001,0.0,0.0,0.0,0.0
load_70476~IR,true,100.0,13.83,4.55,0.0,0.0,0.0,0.0,13.83,4.55,0.0,0.0,0.0,0.0
load_70480~P1,true,100.0,37.618,9.345,0.0,0.0,0.0,0.0,37.618,9.345,0.0,0.0,0.0,0.0
load_70481~P1,true,100.0,36.48,4.576,0.0,0.0,0.0,0.0,36.48,4.576,0.0,0.0,0.0,0.0
load_70491~P1,true,100.0,45.601,19.227,0.0,0.0,0.0,0.0,45.601,19.227,0.0,0.0,0.0,0.0
load_70491~P3,true,100.0,24.564,8.457,0.0,0.0,0.0,0.0,24.564,8.457,0.0,0.0,0.0,0.0
load_70491~P2,true,100.0,29.628,-2.647,0.0,0.0,0.0,0.0,29.628,-2.647,0.0,0.0,0.0,0.0
load_70506~P1,true,100.0,3.374,-0.11799999999999998,0.0,0.0,0.0,0.0,3.374,-0.11799999999999998,0.0,0.0,0.0,0.0
load_70507~TS,true,100.0,0.06,-0.02,0.0,0.0,0.0,0.0,0.06,-0.02,0.0,0.0,0.0,0.0
load_70509~P1,true,100.0,0.45199999999999996,-0.013,0.0,0.0,0.0,0.0,0.45199999999999996,-0.013,0.0,0.0,0.0,0.0
load_70510~NT,true,100.0,-10.5,-4.2,0.0,0.0,0.0,0.0,-10.5,-4.2,0.0,0.0,0.0,0.0
load_70510~IR,true,100.0,5.79,2.9,0.0,0.0,0.0,0.0,5.79,2.9,0.0,0.0,0.0,0.0
load_70512~P1,true,100.0,39.732,0.284,0.0,0.0,0.0,0.0,39.732,0.284,0.0,0.0,0.0,0.0
load_70513~IR,true,100.0,28.264,4.481,0.0,0.0,0.0,0.0,28.264,4.481,0.0,0.0,0.0,0.0
load_70514~IR,true,100.0,15.140999999999998,5.386,0.0,0.0,0.0,0.0,15.140999999999998,5.386,0.0,0.0,0.0,0.0
load_70515~IR,true,100.0,23.395,9.115,0.0,0.0,0.0,0.0,23.395,9.115,0.0,0.0,0.0,0.0
load_70516~IR,true,100.0,23.514,7.729,0.0,0.0,0.0,0.0,23.514,7.729,0.0,0.0,0.0,0.0
load_70517~IR,true,100.0,28.917000000000005,10.453,0.0,0.0,0.0,0.0,28.917000000000005,10.453,0.0,0.0,0.0,0.0
load_70518~IR,true,100.0,43.881,15.0,0.0,0.0,0.0,0.0,43.881,15.0,0.0,0.0,0.0,0.0
load_70519~IR,true,100.0,46.85,17.01,0.0,0.0,0.0,0.0,46.85,17.01,0.0,0.0,0.0,0.0
load_70521~IR,true,100.0,29.096,10.315,0.0,0.0,0.0,0.0,29.096,10.315,0.0,0.0,0.0,0.0
load_70522~IR,true,100.0,11.104,3.65,0.0,0.0,0.0,0.0,11.104,3.65,0.0,0.0,0.0,0.0
load_70524~IR,true,100.0,28.98,10.84,0.0,0.0,0.0,0.0,28.98,10.84,0.0,0.0,0.0,0.0
load_70525~YV,true,100.0,16.013,3.383,0.0,0.0,0.0,0.0,16.013,3.383,0.0,0.0,0.0,0.0
load_70526~P1,true,100.0,3.1869999999999994,0.143,0.0,0.0,0.0,0.0,3.1869999999999994,0.143,0.0,0.0,0.0,0.0
load_70527~P2,true,100.0,19.971,1.611,0.0,0.0,0.0,0.0,19.971,1.611,0.0,0.0,0.0,0.0
load_70527~P1,true,100.0,40.3,5.952,0.0,0.0,0.0,0.0,40.3,5.952,0.0,0.0,0.0,0.0
load_70529~TS,true,100.0,39.4,10.25,0.0,0.0,0.0,0.0,39.4,10.25,0.0,0.0,0.0,0.0
load_70530~P1,true,100.0,38.236,7.632,0.0,0.0,0.0,0.0,38.236,7.632,0.0,0.0,0.0,0.0
load_70531~IN,true,100.0,11.442,4.577,0.0,0.0,0.0,0.0,11.442,4.577,0.0,0.0,0.0,0.0
load_70532~P1,true,100.0,12.299,4.719,0.0,0.0,0.0,0.0,12.299,4.719,0.0,0.0,0.0,0.0
load_70533~IR,true,100.0,14.666,3.775,0.0,0.0,0.0,0.0,14.666,3.775,0.0,0.0,0.0,0.0
load_70534~P1,true,100.0,12.134,0.49300000000000005,0.0,0.0,0.0,0.0,12.134,0.49300000000000005,0.0,0.0,0.0,0.0
load_70535~HC,true,100.0,14.553000000000003,2.747,0.0,0.0,0.0,0.0,14.553000000000003,2.747,0.0,0.0,0.0,0.0
load_70535~NT,true,100.0,-10.0,-3.2869999999999995,0.0,0.0,0.0,0.0,-10.0,-3.2869999999999995,0.0,0.0,0.0,0.0
load_70537~P1,true,100.0,34.227,6.904000000000001,0.0,0.0,0.0,0.0,34.227,6.904000000000001,0.0,0.0,0.0,0.0
load_70537~P2,true,100.0,31.402,-0.018,0.0,0.0,0.0,0.0,31.402,-0.018,0.0,0.0,0.0,0.0
load_70540~HC,true,100.0,11.898,1.358,0.0,0.0,0.0,0.0,11.898,1.358,0.0,0.0,0.0,0.0
load_70541~AS,true,100.0,11.686,1.6650000000000003,0.0,0.0,0.0,0.0,11.686,1.6650000000000003,0.0,0.0,0.0,0.0
load_70541~HC,true,100.0,24.742,8.189,0.0,0.0,0.0,0.0,24.742,8.189,0.0,0.0,0.0,0.0
load_70542~HC,true,100.0,10.948,7.864,0.0,0.0,0.0,0.0,10.948,7.864,0.0,0.0,0.0,0.0
load_70543~P2,true,100.0,21.606,7.437,0.0,0.0,0.0,0.0,21.606,7.437,0.0,0.0,0.0,0.0
load_70543~P1,true,100.0,35.102,13.889,0.0,0.0,0.0,0.0,35.102,13.889,0.0,0.0,0.0,0.0
load_70544~P1,true,100.0,16.443,-2.59,0.0,0.0,0.0,0.0,16.443,-2.59,0.0,0.0,0.0,0.0
load_70547~IR,true,100.0,5.61,2.28,0.0,0.0,0.0,0.0,5.61,2.28,0.0,0.0,0.0,0.0
load_70549~WP,true,100.0,25.945,7.124,0.0,0.0,0.0,0.0,25.945,7.124,0.0,0.0,0.0,0.0
load_70551~P2,true,100.0,19.199,4.34,0.0,0.0,0.0,0.0,19.199,4.34,0.0,0.0,0.0,0.0
load_70551~P1,true,100.0,43.764,13.669999999999998,0.0,0.0,0.0,0.0,43.764,13.669999999999998,0.0,0.0,0.0,0.0
load_70571~IR,true,100.0,5.879,1.932,0.0,0.0,0.0,0.0,5.879,1.932,0.0,0.0,0.0,0.0
load_70574~P1,true,100.0,18.024,7.164,0.0,0.0,0.0,0.0,18.024,7.164,0.0,0.0,0.0,0.0
load_70575~IR,true,100.0,20.783,7.104000000000001,0.0,0.0,0.0,0.0,20.783,7.104000000000001,0.0,0.0,0.0,0.0
load_70576~IR,true,100.0,20.783,7.513,0.0,0.0,0.0,0.0,20.783,7.513,0.0,0.0,0.0,0.0
load_70581~IR,true,100.0,20.07,5.587,0.0,0.0,0.0,0.0,20.07,5.587,0.0,0.0,0.0,0.0
load_70582~IR,true,100.0,8.135,2.674,0.0,0.0,0.0,0.0,8.135,2.674,0.0,0.0,0.0,0.0
load_70583~IR,true,100.0,28.204,9.641,0.0,0.0,0.0,0.0,28.204,9.641,0.0,0.0,0.0,0.0
load_70584~IR,true,100.0,13.181999999999999,2.923,0.0,0.0,0.0,0.0,13.181999999999999,2.923,0.0,0.0,0.0,0.0
load_70600~TS,true,100.0,0.19,0.01,0.0,0.0,0.0,0.0,0.19,0.01,0.0,0.0,0.0,0.0
load_70604~TS,true,100.0,82.54,18.75,0.0,0.0,0.0,0.0,82.54,18.75,0.0,0.0,0.0,0.0
load_70607~TS,true,100.0,50.25999999999999,14.27,0.0,0.0,0.0,0.0,50.25999999999999,14.27,0.0,0.0,0.0,0.0
load_70609~TS,true,100.0,37.45,12.31,0.0,0.0,0.0,0.0,37.45,12.31,0.0,0.0,0.0,0.0
load_70610~TS,true,100.0,19.81,4.8,0.0,0.0,0.0,0.0,19.81,4.8,0.0,0.0,0.0,0.0
load_70612~TS,true,100.0,27.61,7.380000000000001,0.0,0.0,0.0,0.0,27.61,7.380000000000001,0.0,0.0,0.0,0.0
load_70642~TS,true,100.0,10.0,3.29,0.0,0.0,0.0,0.0,10.0,3.29,0.0,0.0,0.0,0.0
load_70644~TS,true,100.0,5.0,1.6399999999999997,0.0,0.0,0.0,0.0,5.0,1.6399999999999997,0.0,0.0,0.0,0.0
load_70648~TS,true,100.0,37.04,12.17,0.0,0.0,0.0,0.0,37.04,12.17,0.0,0.0,0.0,0.0
load_70656~TS,true,100.0,12.67,2.86,0.0,0.0,0.0,0.0,12.67,2.86,0.0,0.0,0.0,0.0
load_70657~TS,true,100.0,-3.7000000000000006,-2.19,0.0,0.0,0.0,0.0,-3.7000000000000006,-2.19,0.0,0.0,0.0,0.0
load_70805~IN,true,100.0,9.783,1.9870000000000003,0.0,0.0,0.0,0.0,9.783,1.9870000000000003,0.0,0.0,0.0,0.0
load_70862~P1,true,100.0,18.353,6.118,0.0,0.0,0.0,0.0,18.353,6.118,0.0,0.0,0.0,0.0
load_70899~IN,true,100.0,14.78,11.45,0.0,0.0,0.0,0.0,14.78,11.45,0.0,0.0,0.0,0.0
load_70901~P1,true,100.0,5.51,-0.05,0.0,0.0,0.0,0.0,5.51,-0.05,0.0,0.0,0.0,0.0
load_70902~P1,true,100.0,10.57,-1.13,0.0,0.0,0.0,0.0,10.57,-1.13,0.0,0.0,0.0,0.0
load_70903~IN,true,100.0,9.36,0.84,0.0,0.0,0.0,0.0,9.36,0.84,0.0,0.0,0.0,0.0
load_70924~IR,true,100.0,1.557,-0.177,0.0,0.0,0.0,0.0,1.557,-0.177,0.0,0.0,0.0,0.0
load_70925~IR,true,100.0,0.98,-0.11200000000000002,0.0,0.0,0.0,0.0,0.98,-0.11200000000000002,0.0,0.0,0.0,0.0
load_70926~IR,true,100.0,0.64,0.18,0.0,0.0,0.0,0.0,0.64,0.18,0.0,0.0,0.0,0.0
load_71022~WP,true,100.0,3.151,0.8100000000000002,0.0,0.0,0.0,0.0,3.151,0.8100000000000002,0.0,0.0,0.0,0.0
load_71023~1,true,100.0,10.0,-3.0,0.0,0.0,0.0,0.0,10.0,-3.0,0.0,0.0,0.0,0.0
load_71031~WP,true,100.0,0.282,-0.9860000000000001,0.0,0.0,0.0,0.0,0.282,-0.9860000000000001,0.0,0.0,0.0,0.0
load_72102~TS,true,100.0,2.56,0.84,0.0,0.0,0.0,0.0,2.56,0.84,0.0,0.0,0.0,0.0
load_72104~TS,true,100.0,13.84,-4.06,0.0,0.0,0.0,0.0,13.84,-4.06,0.0,0.0,0.0,0.0
load_72106~TS,true,100.0,5.43,0.77,0.0,0.0,0.0,0.0,5.43,0.77,0.0,0.0,0.0,0.0
load_72107~TS,true,100.0,14.32,6.84,0.0,0.0,0.0,0.0,14.32,6.84,0.0,0.0,0.0,0.0
load_72108~TS,true,100.0,-2.11,0.24,0.0,0.0,0.0,0.0,-2.11,0.24,0.0,0.0,0.0,0.0
load_72109~TS,true,100.0,0.71,0.1,0.0,0.0,0.0,0.0,0.71,0.1,0.0,0.0,0.0,0.0
load_72111~TS,true,100.0,6.619999999999999,0.93,0.0,0.0,0.0,0.0,6.619999999999999,0.93,0.0,0.0,0.0,0.0
load_72113~TS,true,100.0,4.02,0.57,0.0,0.0,0.0,0.0,4.02,0.57,0.0,0.0,0.0,0.0
load_72115~TS,true,100.0,4.02,0.57,0.0,0.0,0.0,0.0,4.02,0.57,0.0,0.0,0.0,0.0
load_72116~TS,true,100.0,2.84,0.4,0.0,0.0,0.0,0.0,2.84,0.4,0.0,0.0,0.0,0.0
load_72117~TS,true,100.0,1.8399999999999999,0.27,0.0,0.0,0.0,0.0,1.8399999999999999,0.27,0.0,0.0,0.0,0.0
load_72118~TS,true,100.0,1.9,-0.52,0.0,0.0,0.0,0.0,1.9,-0.52,0.0,0.0,0.0,0.0
load_72126~TS,true,100.0,4.0,0.5,0.0,0.0,0.0,0.0,4.0,0.5,0.0,0.0,0.0,0.0
load_72128~TS,true,100.0,3.2300000000000004,-0.16,0.0,0.0,0.0,0.0,3.2300000000000004,-0.16,0.0,0.0,0.0,0.0
load_72129~TS,true,100.0,3.7000000000000006,-0.06,0.0,0.0,0.0,0.0,3.7000000000000006,-0.06,0.0,0.0,0.0,0.0
load_72143~TS,true,100.0,2.17,-0.26,0.0,0.0,0.0,0.0,2.17,-0.26,0.0,0.0,0.0,0.0
load_72145~TS,true,100.0,7.17,2.36,0.0,0.0,0.0,0.0,7.17,2.36,0.0,0.0,0.0,0.0
load_72147~TS,true,100.0,11.9,3.91,0.0,0.0,0.0,0.0,11.9,3.91,0.0,0.0,0.0,0.0
load_72155~TS,true,100.0,4.0,-0.26,0.0,0.0,0.0,0.0,4.0,-0.26,0.0,0.0,0.0,0.0
load_72190~TS,true,100.0,2.57,0.84,0.0,0.0,0.0,0.0,2.57,0.84,0.0,0.0,0.0,0.0
load_72191~TS,true,100.0,14.16,4.66,0.0,0.0,0.0,0.0,14.16,4.66,0.0,0.0,0.0,0.0
load_72195~TS,true,100.0,12.67,4.16,0.0,0.0,0.0,0.0,12.67,4.16,0.0,0.0,0.0,0.0
load_72201~TS,true,100.0,13.48,4.43,0.0,0.0,0.0,0.0,13.48,4.43,0.0,0.0,0.0,0.0
load_72202~TS,true,100.0,68.17,22.41,0.0,0.0,0.0,0.0,68.17,22.41,0.0,0.0,0.0,0.0
load_72208~TS,true,100.0,27.13,8.92,0.0,0.0,0.0,0.0,27.13,8.92,0.0,0.0,0.0,0.0
load_72403~TS,true,100.0,18.23,2.34,0.0,0.0,0.0,0.0,18.23,2.34,0.0,0.0,0.0,0.0
load_72407~TS,true,100.0,0.26,0.08,0.0,0.0,0.0,0.0,0.26,0.08,0.0,0.0,0.0,0.0
load_72414~TS,true,100.0,19.0,6.24,0.0,0.0,0.0,0.0,19.0,6.24,0.0,0.0,0.0,0.0
load_72419~TS,true,100.0,13.94,1.6,0.0,0.0,0.0,0.0,13.94,1.6,0.0,0.0,0.0,0.0
load_72432~TS,true,100.0,3.49,-1.15,0.0,0.0,0.0,0.0,3.49,-1.15,0.0,0.0,0.0,0.0
load_72475~TS,true,100.0,2.47,-0.8100000000000002,0.0,0.0,0.0,0.0,2.47,-0.8100000000000002,0.0,0.0,0.0,0.0
load_72742~HY,true,100.0,0.0,0.0,0.0,0.0,0.0,0.0,0.0,0.0,0.0,0.0,0.0,0.0
load_72750~TS,true,100.0,6.6000000000000005,2.17,0.0,0.0,0.0,0.0,6.6000000000000005,2.17,0.0,0.0,0.0,0.0
load_72751~TS,true,100.0,3.2300000000000004,0.43,0.0,0.0,0.0,0.0,3.2300000000000004,0.43,0.0,0.0,0.0,0.0
load_72752~TS,true,100.0,3.27,-1.07,0.0,0.0,0.0,0.0,3.27,-1.07,0.0,0.0,0.0,0.0
load_72753~TS,true,100.0,2.18,-0.72,0.0,0.0,0.0,0.0,2.18,-0.72,0.0,0.0,0.0,0.0
load_72757~TS,true,100.0,3.27,-1.07,0.0,0.0,0.0,0.0,3.27,-1.07,0.0,0.0,0.0,0.0
load_72780~TS,true,100.0,10.0,2.93,0.0,0.0,0.0,0.0,10.0,2.93,0.0,0.0,0.0,0.0
load_72781~TS,true,100.0,9.84,3.2400000000000007,0.0,0.0,0.0,0.0,9.84,3.2400000000000007,0.0,0.0,0.0,0.0
load_72782~TS,true,100.0,2.57,0.16,0.0,0.0,0.0,0.0,2.57,0.16,0.0,0.0,0.0,0.0
load_72783~TS,true,100.0,2.67,0.78,0.0,0.0,0.0,0.0,2.67,0.78,0.0,0.0,0.0,0.0
load_72784~TS,true,100.0,11.9,2.51,0.0,0.0,0.0,0.0,11.9,2.51,0.0,0.0,0.0,0.0
load_72785~TS,true,100.0,4.62,1.35,0.0,0.0,0.0,0.0,4.62,1.35,0.0,0.0,0.0,0.0
load_72786~TS,true,100.0,6.4399999999999995,1.8900000000000001,0.0,0.0,0.0,0.0,6.4399999999999995,1.8900000000000001,0.0,0.0,0.0,0.0
load_72789~TS,true,100.0,1.37,-0.35,0.0,0.0,0.0,0.0,1.37,-0.35,0.0,0.0,0.0,0.0
load_72794~TS,true,100.0,0.24,-0.08,0.0,0.0,0.0,0.0,0.24,-0.08,0.0,0.0,0.0,0.0
load_72800~TS,true,100.0,13.15,4.18,0.0,0.0,0.0,0.0,13.15,4.18,0.0,0.0,0.0,0.0
load_72800~HY,true,100.0,-3.0,0.0,0.0,0.0,0.0,0.0,-3.0,0.0,0.0,0.0,0.0,0.0
load_73002~TS,true,100.0,9.2,2.2,0.0,0.0,0.0,0.0,9.2,2.2,0.0,0.0,0.0,0.0
load_73003~TS,true,100.0,4.61,0.4699999999999999,0.0,0.0,0.0,0.0,4.61,0.4699999999999999,0.0,0.0,0.0,0.0
load_73006~TS,true,100.0,4.54,-0.27,0.0,0.0,0.0,0.0,4.54,-0.27,0.0,0.0,0.0,0.0
load_73007~TS,true,100.0,9.2,2.47,0.0,0.0,0.0,0.0,9.2,2.47,0.0,0.0,0.0,0.0
load_73010~TS,true,100.0,1.77,-0.16,0.0,0.0,0.0,0.0,1.77,-0.16,0.0,0.0,0.0,0.0
load_73023~TS,true,100.0,7.780000000000001,0.75,0.0,0.0,0.0,0.0,7.780000000000001,0.75,0.0,0.0,0.0,0.0
load_73023~PS,true,100.0,1.199,0.4,0.0,0.0,0.0,0.0,1.199,0.4,0.0,0.0,0.0,0.0
load_73024~TS,true,100.0,6.15,2.02,0.0,0.0,0.0,0.0,6.15,2.02,0.0,0.0,0.0,0.0
load_73025~TS,true,100.0,6.13,1.4,0.0,0.0,0.0,0.0,6.13,1.4,0.0,0.0,0.0,0.0
load_73030~TS,true,100.0,19.97,3.51,0.0,0.0,0.0,0.0,19.97,3.51,0.0,0.0,0.0,0.0
load_73031~TS,true,100.0,4.39,0.4,0.0,0.0,0.0,0.0,4.39,0.4,0.0,0.0,0.0,0.0
load_73034~PS,true,100.0,10.234,3.411,0.0,0.0,0.0,0.0,10.234,3.411,0.0,0.0,0.0,0.0
load_73039~TS,true,100.0,3.9699999999999998,1.22,0.0,0.0,0.0,0.0,3.9699999999999998,1.22,0.0,0.0,0.0,0.0
load_73047~TS,true,100.0,23.82,2.39,0.0,0.0,0.0,0.0,23.82,2.39,0.0,0.0,0.0,0.0
load_73053~TS,true,100.0,15.68,1.1,0.0,0.0,0.0,0.0,15.68,1.1,0.0,0.0,0.0,0.0
load_73059~MU,true,100.0,0.6,0.2,0.0,0.0,0.0,0.0,0.6,0.2,0.0,0.0,0.0,0.0
load_73059~TS,true,100.0,1.32,-0.05,0.0,0.0,0.0,0.0,1.32,-0.05,0.0,0.0,0.0,0.0
load_73061~TS,true,100.0,16.12,-5.3,0.0,0.0,0.0,0.0,16.12,-5.3,0.0,0.0,0.0,0.0
load_73063~TS,true,100.0,11.81,-0.02,0.0,0.0,0.0,0.0,11.81,-0.02,0.0,0.0,0.0,0.0
load_73063~MU,true,100.0,5.4,1.8000000000000003,0.0,0.0,0.0,0.0,5.4,1.8000000000000003,0.0,0.0,0.0,0.0
load_73065~TS,true,100.0,1.25,0.31,0.0,0.0,0.0,0.0,1.25,0.31,0.0,0.0,0.0,0.0
load_73072~TS,true,100.0,2.64,-0.29,0.0,0.0,0.0,0.0,2.64,-0.29,0.0,0.0,0.0,0.0
load_73080~TS,true,100.0,4.94,0.07,0.0,0.0,0.0,0.0,4.94,0.07,0.0,0.0,0.0,0.0
load_73080~MU,true,100.0,2.4,0.8,0.0,0.0,0.0,0.0,2.4,0.8,0.0,0.0,0.0,0.0
load_73083~TS,true,100.0,8.47,2.78,0.0,0.0,0.0,0.0,8.47,2.78,0.0,0.0,0.0,0.0
load_73088~TS,true,100.0,1.69,0.22999999999999998,0.0,0.0,0.0,0.0,1.69,0.22999999999999998,0.0,0.0,0.0,0.0
load_73090~TS,true,100.0,3.71,-1.22,0.0,0.0,0.0,0.0,3.71,-1.22,0.0,0.0,0.0,0.0
load_73091~TS,true,100.0,7.41,-0.04,0.0,0.0,0.0,0.0,7.41,-0.04,0.0,0.0,0.0,0.0
load_73094~TS,true,100.0,8.56,-1.27,0.0,0.0,0.0,0.0,8.56,-1.27,0.0,0.0,0.0,0.0
load_73095~TS,true,100.0,7.57,3.64,0.0,0.0,0.0,0.0,7.57,3.64,0.0,0.0,0.0,0.0
load_73098~TS,true,100.0,26.86,8.83,0.0,0.0,0.0,0.0,26.86,8.83,0.0,0.0,0.0,0.0
load_73103~TS,true,100.0,2.45,-0.02,0.0,0.0,0.0,0.0,2.45,-0.02,0.0,0.0,0.0,0.0
load_73114~TS,true,100.0,10.29,3.2,0.0,0.0,0.0,0.0,10.29,3.2,0.0,0.0,0.0,0.0
load_73117~TS,true,100.0,3.53,0.4,0.0,0.0,0.0,0.0,3.53,0.4,0.0,0.0,0.0,0.0
load_73127~MU,true,100.0,2.9,0.967,0.0,0.0,0.0,0.0,2.9,0.967,0.0,0.0,0.0,0.0
load_73132~TS,true,100.0,4.06,-0.12,0.0,0.0,0.0,0.0,4.06,-0.12,0.0,0.0,0.0,0.0
load_73136~TS,true,100.0,3.18,0.07,0.0,0.0,0.0,0.0,3.18,0.07,0.0,0.0,0.0,0.0
load_73145~TS,true,100.0,2.87,0.9399999999999998,0.0,0.0,0.0,0.0,2.87,0.9399999999999998,0.0,0.0,0.0,0.0
load_73147~TS,true,100.0,8.66,0.55,0.0,0.0,0.0,0.0,8.66,0.55,0.0,0.0,0.0,0.0
load_73150~PS,true,100.0,1.35,0.45000000000000007,0.0,0.0,0.0,0.0,1.35,0.45000000000000007,0.0,0.0,0.0,0.0
load_73159~TS,true,100.0,8.77,0.44,0.0,0.0,0.0,0.0,8.77,0.44,0.0,0.0,0.0,0.0
load_73166~TS,true,100.0,5.83,0.65,0.0,0.0,0.0,0.0,5.83,0.65,0.0,0.0,0.0,0.0
load_73171~TS,true,100.0,1.03,0.34,0.0,0.0,0.0,0.0,1.03,0.34,0.0,0.0,0.0,0.0
load_73172~TS,true,100.0,1.49,0.49,0.0,0.0,0.0,0.0,1.49,0.49,0.0,0.0,0.0,0.0
load_73174~TS,true,100.0,2.25,0.53,0.0,0.0,0.0,0.0,2.25,0.53,0.0,0.0,0.0,0.0
load_73175~TS,true,100.0,9.54,0.95,0.0,0.0,0.0,0.0,9.54,0.95,0.0,0.0,0.0,0.0
load_73184~TS,true,100.0,13.119999999999997,3.52,0.0,0.0,0.0,0.0,13.119999999999997,3.52,0.0,0.0,0.0,0.0
load_73185~TS,true,100.0,2.2,-0.24,0.0,0.0,0.0,0.0,2.2,-0.24,0.0,0.0,0.0,0.0
load_73191~PS,true,100.0,50.99199999999999,16.997,0.0,0.0,0.0,0.0,50.99199999999999,16.997,0.0,0.0,0.0,0.0
load_73194~TS,true,100.0,0.78,0.26,0.0,0.0,0.0,0.0,0.78,0.26,0.0,0.0,0.0,0.0
load_73203~TS,true,100.0,9.39,3.58,0.0,0.0,0.0,0.0,9.39,3.58,0.0,0.0,0.0,0.0
load_73207~TS,true,100.0,5.3,1.42,0.0,0.0,0.0,0.0,5.3,1.42,0.0,0.0,0.0,0.0
load_73208~TS,true,100.0,10.89,0.31,0.0,0.0,0.0,0.0,10.89,0.31,0.0,0.0,0.0,0.0
load_73210~TS,true,100.0,12.16,0.39,0.0,0.0,0.0,0.0,12.16,0.39,0.0,0.0,0.0,0.0
load_73213~TS,true,100.0,3.9599999999999995,-0.04,0.0,0.0,0.0,0.0,3.9599999999999995,-0.04,0.0,0.0,0.0,0.0
load_73218~TS,true,100.0,13.62,3.84,0.0,0.0,0.0,0.0,13.62,3.84,0.0,0.0,0.0,0.0
load_73219~TS,true,100.0,4.08,-1.34,0.0,0.0,0.0,0.0,4.08,-1.34,0.0,0.0,0.0,0.0
load_73220~WA,true,100.0,8.911,2.97,0.0,0.0,0.0,0.0,8.911,2.97,0.0,0.0,0.0,0.0
load_73221~TS,true,100.0,0.8500000000000001,0.28,0.0,0.0,0.0,0.0,0.8500000000000001,0.28,0.0,0.0,0.0,0.0
load_73230~MU,true,100.0,7.9,2.633,0.0,0.0,0.0,0.0,7.9,2.633,0.0,0.0,0.0,0.0
load_73235~TS,true,100.0,5.3,1.47,0.0,0.0,0.0,0.0,5.3,1.47,0.0,0.0,0.0,0.0
load_73297~TS,true,100.0,4.33,0.3,0.0,0.0,0.0,0.0,4.33,0.3,0.0,0.0,0.0,0.0
load_73301~TS,true,100.0,1.2,0.39,0.0,0.0,0.0,0.0,1.2,0.39,0.0,0.0,0.0,0.0
load_73309~MU,true,100.0,4.872,1.624,0.0,0.0,0.0,0.0,4.872,1.624,0.0,0.0,0.0,0.0
load_73310~MU,true,100.0,7.529,2.51,0.0,0.0,0.0,0.0,7.529,2.51,0.0,0.0,0.0,0.0
load_73311~MU,true,100.0,10.187,3.396,0.0,0.0,0.0,0.0,10.187,3.396,0.0,0.0,0.0,0.0
load_73312~WA,true,100.0,5.0,1.643,0.0,0.0,0.0,0.0,5.0,1.643,0.0,0.0,0.0,0.0
load_73313~WA,true,100.0,5.0,1.643,0.0,0.0,0.0,0.0,5.0,1.643,0.0,0.0,0.0,0.0
load_73314~WA,true,100.0,0.0,0.0,0.0,0.0,0.0,0.0,0.0,0.0,0.0,0.0,0.0,0.0
load_73318~TS,true,100.0,18.08,3.27,0.0,0.0,0.0,0.0,18.08,3.27,0.0,0.0,0.0,0.0
load_73320~TS,true,100.0,0.0,0.0,0.0,0.0,0.0,0.0,0.0,0.0,0.0,0.0,0.0,0.0
load_73325~TS,true,100.0,9.64,0.66,0.0,0.0,0.0,0.0,9.64,0.66,0.0,0.0,0.0,0.0
load_73326~TS,true,100.0,5.37,-0.32,0.0,0.0,0.0,0.0,5.37,-0.32,0.0,0.0,0.0,0.0
load_73327~TS,true,100.0,2.27,-0.74,0.0,0.0,0.0,0.0,2.27,-0.74,0.0,0.0,0.0,0.0
load_73329~DW,true,100.0,1.6399999999999997,0.547,0.0,0.0,0.0,0.0,1.6399999999999997,0.547,0.0,0.0,0.0,0.0
load_73330~WA,true,100.0,8.0,2.667,0.0,0.0,0.0,0.0,8.0,2.667,0.0,0.0,0.0,0.0
load_73331~MU,true,100.0,6.0,2.0,0.0,0.0,0.0,0.0,6.0,2.0,0.0,0.0,0.0,0.0
load_73331~TS,true,100.0,5.13,0.48,0.0,0.0,0.0,0.0,5.13,0.48,0.0,0.0,0.0,0.0
load_73371~TS,true,100.0,7.8100000000000005,1.54,0.0,0.0,0.0,0.0,7.8100000000000005,1.54,0.0,0.0,0.0,0.0
load_73372~TS,true,100.0,8.39,0.65,0.0,0.0,0.0,0.0,8.39,0.65,0.0,0.0,0.0,0.0
load_73374~TS,true,100.0,8.03,0.18,0.0,0.0,0.0,0.0,8.03,0.18,0.0,0.0,0.0,0.0
load_73377~MU,true,100.0,12.401,4.134,0.0,0.0,0.0,0.0,12.401,4.134,0.0,0.0,0.0,0.0
load_73378~TS,true,100.0,7.31,0.79,0.0,0.0,0.0,0.0,7.31,0.79,0.0,0.0,0.0,0.0
load_73379~MU,true,100.0,9.301,3.1,0.0,0.0,0.0,0.0,9.301,3.1,0.0,0.0,0.0,0.0
load_73390~TS,true,100.0,7.8100000000000005,2.57,0.0,0.0,0.0,0.0,7.8100000000000005,2.57,0.0,0.0,0.0,0.0
load_73400~TS,true,100.0,21.96,5.95,0.0,0.0,0.0,0.0,21.96,5.95,0.0,0.0,0.0,0.0
load_73402~TS,true,100.0,37.73,8.89,0.0,0.0,0.0,0.0,37.73,8.89,0.0,0.0,0.0,0.0
load_73405~TS,true,100.0,6.16,0.97,0.0,0.0,0.0,0.0,6.16,0.97,0.0,0.0,0.0,0.0
load_73415~TS,true,100.0,10.91,1.58,0.0,0.0,0.0,0.0,10.91,1.58,0.0,0.0,0.0,0.0
load_73416~TS,true,100.0,4.45,1.18,0.0,0.0,0.0,0.0,4.45,1.18,0.0,0.0,0.0,0.0
load_73445~TS,true,100.0,4.17,0.34,0.0,0.0,0.0,0.0,4.17,0.34,0.0,0.0,0.0,0.0
load_73452~TS,true,100.0,5.56,0.9899999999999999,0.0,0.0,0.0,0.0,5.56,0.9899999999999999,0.0,0.0,0.0,0.0
load_73456~TS,true,100.0,7.37,1.69,0.0,0.0,0.0,0.0,7.37,1.69,0.0,0.0,0.0,0.0
load_73458~TS,true,100.0,12.960000000000003,2.78,0.0,0.0,0.0,0.0,12.960000000000003,2.78,0.0,0.0,0.0,0.0
load_73459~TS,true,100.0,6.950000000000001,1.23,0.0,0.0,0.0,0.0,6.950000000000001,1.23,0.0,0.0,0.0,0.0
load_73460~TS,true,100.0,8.3,1.95,0.0,0.0,0.0,0.0,8.3,1.95,0.0,0.0,0.0,0.0
load_73463~TS,true,100.0,14.82,-3.07,0.0,0.0,0.0,0.0,14.82,-3.07,0.0,0.0,0.0,0.0
load_73464~TS,true,100.0,2.1,0.32,0.0,0.0,0.0,0.0,2.1,0.32,0.0,0.0,0.0,0.0
load_73468~TS,true,100.0,6.75,2.22,0.0,0.0,0.0,0.0,6.75,2.22,0.0,0.0,0.0,0.0
load_73469~TS,true,100.0,4.56,1.5,0.0,0.0,0.0,0.0,4.56,1.5,0.0,0.0,0.0,0.0
load_73476~TS,true,100.0,12.79,4.2,0.0,0.0,0.0,0.0,12.79,4.2,0.0,0.0,0.0,0.0
load_73478~TS,true,100.0,5.44,1.79,0.0,0.0,0.0,0.0,5.44,1.79,0.0,0.0,0.0,0.0
load_73483~TS,true,100.0,2.84,-0.5,0.0,0.0,0.0,0.0,2.84,-0.5,0.0,0.0,0.0,0.0
load_73485~TS,true,100.0,7.829999999999999,1.24,0.0,0.0,0.0,0.0,7.829999999999999,1.24,0.0,0.0,0.0,0.0
load_73501~TS,true,100.0,48.26,14.59,0.0,0.0,0.0,0.0,48.26,14.59,0.0,0.0,0.0,0.0
load_73502~TS,true,100.0,54.76,18.0,0.0,0.0,0.0,0.0,54.76,18.0,0.0,0.0,0.0,0.0
load_73553~TS,true,100.0,3.4799999999999995,1.14,0.0,0.0,0.0,0.0,3.4799999999999995,1.14,0.0,0.0,0.0,0.0
load_73554~TS,true,100.0,14.429999999999998,-2.12,0.0,0.0,0.0,0.0,14.429999999999998,-2.12,0.0,0.0,0.0,0.0
load_73555~TS,true,100.0,12.79,4.2,0.0,0.0,0.0,0.0,12.79,4.2,0.0,0.0,0.0,0.0
load_73556~TS,true,100.0,3.5000000000000004,2.01,0.0,0.0,0.0,0.0,3.5000000000000004,2.01,0.0,0.0,0.0,0.0
load_73557~PR,true,100.0,4.583,1.939,0.0,0.0,0.0,0.0,4.583,1.939,0.0,0.0,0.0,0.0
load_73579~PS,true,100.0,0.526,0.175,0.0,0.0,0.0,0.0,0.526,0.175,0.0,0.0,0.0,0.0
load_73597~TS,true,100.0,23.69,6.17,0.0,0.0,0.0,0.0,23.69,6.17,0.0,0.0,0.0,0.0
load_73600~PS,true,100.0,31.482,10.494,0.0,0.0,0.0,0.0,31.482,10.494,0.0,0.0,0.0,0.0
load_73616~TS,true,100.0,1.97,-0.1,0.0,0.0,0.0,0.0,1.97,-0.1,0.0,0.0,0.0,0.0
load_73650~TS,true,100.0,1.04,-0.17,0.0,0.0,0.0,0.0,1.04,-0.17,0.0,0.0,0.0,0.0
load_73651~TS,true,100.0,6.16,0.8500000000000001,0.0,0.0,0.0,0.0,6.16,0.8500000000000001,0.0,0.0,0.0,0.0
load_78065~PR,true,100.0,11.7,5.0,0.0,0.0,0.0,0.0,11.7,5.0,0.0,0.0,0.0,0.0
load_78071~P1,true,100.0,11.779,3.926,0.0,0.0,0.0,0.0,11.779,3.926,0.0,0.0,0.0,0.0
load_78071~TS,true,100.0,11.39,0.64,0.0,0.0,0.0,0.0,11.39,0.64,0.0,0.0,0.0,0.0
load_78072~P1,true,100.0,11.043,3.681,0.0,0.0,0.0,0.0,11.043,3.681,0.0,0.0,0.0,0.0
load_78076~PR,true,100.0,43.9,18.7,0.0,0.0,0.0,0.0,43.9,18.7,0.0,0.0,0.0,0.0
load_78077~PR,true,100.0,50.1,21.3,0.0,0.0,0.0,0.0,50.1,21.3,0.0,0.0,0.0,0.0
load_78081~PR,true,100.0,25.2,10.8,0.0,0.0,0.0,0.0,25.2,10.8,0.0,0.0,0.0,0.0
load_78082~PR,true,100.0,48.8,20.8,0.0,0.0,0.0,0.0,48.8,20.8,0.0,0.0,0.0,0.0
load_78086~PR,true,100.0,35.9,15.299999999999999,0.0,0.0,0.0,0.0,35.9,15.299999999999999,0.0,0.0,0.0,0.0
load_78087~TS,true,100.0,15.0,1.8799999999999997,0.0,0.0,0.0,0.0,15.0,1.8799999999999997,0.0,0.0,0.0,0.0
load_78089~PR,true,100.0,24.8,10.6,0.0,0.0,0.0,0.0,24.8,10.6,0.0,0.0,0.0,0.0
load_78091~P4,true,100.0,5.2,1.733,0.0,0.0,0.0,0.0,5.2,1.733,0.0,0.0,0.0,0.0
load_78091~PR,true,100.0,33.1,14.099999999999998,0.0,0.0,0.0,0.0,33.1,14.099999999999998,0.0,0.0,0.0,0.0
load_78092~PR,true,100.0,24.4,10.4,0.0,0.0,0.0,0.0,24.4,10.4,0.0,0.0,0.0,0.0
load_78093~P2,true,100.0,2.307,0.769,0.0,0.0,0.0,0.0,2.307,0.769,0.0,0.0,0.0,0.0
load_78093~PR,true,100.0,0.0,0.0,0.0,0.0,0.0,0.0,0.0,0.0,0.0,0.0,0.0,0.0
load_78094~PR,true,100.0,25.7,11.0,0.0,0.0,0.0,0.0,25.7,11.0,0.0,0.0,0.0,0.0
load_78096~PR,true,100.0,6.1,2.6,0.0,0.0,0.0,0.0,6.1,2.6,0.0,0.0,0.0,0.0
load_78098~PR,true,100.0,14.3,6.1,0.0,0.0,0.0,0.0,14.3,6.1,0.0,0.0,0.0,0.0
load_78098~P1,true,100.0,0.757,0.252,0.0,0.0,0.0,0.0,0.757,0.252,0.0,0.0,0.0,0.0
load_78099~PR,true,100.0,46.7,19.9,0.0,0.0,0.0,0.0,46.7,19.9,0.0,0.0,0.0,0.0
load_78099~P2,true,100.0,0.167,0.05600000000000001,0.0,0.0,0.0,0.0,0.167,0.05600000000000001,0.0,0.0,0.0,0.0
load_78103~PR,true,100.0,15.0,6.4,0.0,0.0,0.0,0.0,15.0,6.4,0.0,0.0,0.0,0.0
load_78109~PR,true,100.0,43.2,18.4,0.0,0.0,0.0,0.0,43.2,18.4,0.0,0.0,0.0,0.0
load_78111~PR,true,100.0,27.500000000000004,11.7,0.0,0.0,0.0,0.0,27.500000000000004,11.7,0.0,0.0,0.0,0.0
load_78114~PR,true,100.0,8.0,3.4000000000000004,0.0,0.0,0.0,0.0,8.0,3.4000000000000004,0.0,0.0,0.0,0.0
load_78116~PR,true,100.0,20.9,8.9,0.0,0.0,0.0,0.0,20.9,8.9,0.0,0.0,0.0,0.0
load_78119~PR,true,100.0,49.3,21.0,0.0,0.0,0.0,0.0,49.3,21.0,0.0,0.0,0.0,0.0
load_78121~PR,true,100.0,51.5,21.9,0.0,0.0,0.0,0.0,51.5,21.9,0.0,0.0,0.0,0.0
load_78653~CS,true,100.0,21.57,3.37,0.0,0.0,0.0,0.0,21.57,3.37,0.0,0.0,0.0,0.0
load_78654~CS,true,100.0,25.14,4.68,0.0,0.0,0.0,0.0,25.14,4.68,0.0,0.0,0.0,0.0
load_78656~CS,true,100.0,29.710000000000004,9.65,0.0,0.0,0.0,0.0,29.710000000000004,9.65,0.0,0.0,0.0,0.0
load_78657~CS,true,100.0,24.87,5.73,0.0,0.0,0.0,0.0,24.87,5.73,0.0,0.0,0.0,0.0
load_78658~CS,true,100.0,20.86,5.03,0.0,0.0,0.0,0.0,20.86,5.03,0.0,0.0,0.0,0.0
load_78659~CS,true,100.0,23.27,5.09,0.0,0.0,0.0,0.0,23.27,5.09,0.0,0.0,0.0,0.0
load_78660~CS,true,100.0,20.42,5.18,0.0,0.0,0.0,0.0,20.42,5.18,0.0,0.0,0.0,0.0
load_78662~CS,true,100.0,23.07,4.21,0.0,0.0,0.0,0.0,23.07,4.21,0.0,0.0,0.0,0.0
load_78663~CS,true,100.0,21.55,4.2,0.0,0.0,0.0,0.0,21.55,4.2,0.0,0.0,0.0,0.0
load_78664~CS,true,100.0,11.56,3.54,0.0,0.0,0.0,0.0,11.56,3.54,0.0,0.0,0.0,0.0
load_78666~CS,true,100.0,26.479999999999997,5.1,0.0,0.0,0.0,0.0,26.479999999999997,5.1,0.0,0.0,0.0,0.0
load_78669~CS,true,100.0,69.72,21.85,0.0,0.0,0.0,0.0,69.72,21.85,0.0,0.0,0.0,0.0
load_78670~CS,true,100.0,28.71,7.829999999999999,0.0,0.0,0.0,0.0,28.71,7.829999999999999,0.0,0.0,0.0,0.0
load_78671~CS,true,100.0,16.32,4.41,0.0,0.0,0.0,0.0,16.32,4.41,0.0,0.0,0.0,0.0
load_78672~CS,true,100.0,29.020000000000003,12.770000000000001,0.0,0.0,0.0,0.0,29.020000000000003,12.770000000000001,0.0,0.0,0.0,0.0
load_78673~CS,true,100.0,32.36,9.07,0.0,0.0,0.0,0.0,32.36,9.07,0.0,0.0,0.0,0.0
load_78675~CS,true,100.0,20.07,6.660000000000001,0.0,0.0,0.0,0.0,20.07,6.660000000000001,0.0,0.0,0.0,0.0
load_78676~CS,true,100.0,5.27,5.33,0.0,0.0,0.0,0.0,5.27,5.33,0.0,0.0,0.0,0.0
load_78677~CS,true,100.0,47.84,12.67,0.0,0.0,0.0,0.0,47.84,12.67,0.0,0.0,0.0,0.0
load_78679~CS,true,100.0,13.07,1.51,0.0,0.0,0.0,0.0,13.07,1.51,0.0,0.0,0.0,0.0
load_78682~CS,true,100.0,18.9,3.07,0.0,0.0,0.0,0.0,18.9,3.07,0.0,0.0,0.0,0.0
load_78683~CS,true,100.0,21.6,6.709999999999999,0.0,0.0,0.0,0.0,21.6,6.709999999999999,0.0,0.0,0.0,0.0
load_78854~CS,true,100.0,6.36,0.91,0.0,0.0,0.0,0.0,6.36,0.91,0.0,0.0,0.0,0.0
load_78855~CS,true,100.0,0.0,0.0,0.0,0.0,0.0,0.0,0.0,0.0,0.0,0.0,0.0,0.0
load_78858~CS,true,100.0,54.71,8.56,0.0,0.0,0.0,0.0,54.71,8.56,0.0,0.0,0.0,0.0
load_79002~TS,true,100.0,7.48,2.46,0.0,0.0,0.0,0.0,7.48,2.46,0.0,0.0,0.0,0.0
load_79006~HC,true,100.0,25.036,3.3649999999999998,0.0,0.0,0.0,0.0,25.036,3.3649999999999998,0.0,0.0,0.0,0.0
load_79011~TS,true,100.0,3.91,0.9199999999999999,0.0,0.0,0.0,0.0,3.91,0.9199999999999999,0.0,0.0,0.0,0.0
load_79012~TS,true,100.0,9.49,4.03,0.0,0.0,0.0,0.0,9.49,4.03,0.0,0.0,0.0,0.0
load_79018~HC,true,100.0,9.733,2.865,0.0,0.0,0.0,0.0,9.733,2.865,0.0,0.0,0.0,0.0
load_79020~TS,true,100.0,0.19,-0.06,0.0,0.0,0.0,0.0,0.19,-0.06,0.0,0.0,0.0,0.0
load_79037~MU,true,100.0,10.5,3.5000000000000004,0.0,0.0,0.0,0.0,10.5,3.5000000000000004,0.0,0.0,0.0,0.0
load_79040~PS,true,100.0,10.0,3.3329999999999997,0.0,0.0,0.0,0.0,10.0,3.3329999999999997,0.0,0.0,0.0,0.0
load_79044~TS,true,100.0,1.41,0.27,0.0,0.0,0.0,0.0,1.41,0.27,0.0,0.0,0.0,0.0
load_79046~TS,true,100.0,5.38,1.9299999999999997,0.0,0.0,0.0,0.0,5.38,1.9299999999999997,0.0,0.0,0.0,0.0
load_79047~GV,true,100.0,5.863,2.798,0.0,0.0,0.0,0.0,5.863,2.798,0.0,0.0,0.0,0.0
load_79056~HC,true,100.0,2.142,-0.02,0.0,0.0,0.0,0.0,2.142,-0.02,0.0,0.0,0.0,0.0
load_79056~P1,true,100.0,0.559,0.026,0.0,0.0,0.0,0.0,0.559,0.026,0.0,0.0,0.0,0.0
load_79056~P5,true,100.0,9.664,-0.517,0.0,0.0,0.0,0.0,9.664,-0.517,0.0,0.0,0.0,0.0
load_79056~TS,true,100.0,0.0,0.0,0.0,0.0,0.0,0.0,0.0,0.0,0.0,0.0,0.0,0.0
load_79065~YV,true,100.0,24.316,-1.067,0.0,0.0,0.0,0.0,24.316,-1.067,0.0,0.0,0.0,0.0
load_79069~HC,true,100.0,14.359,7.905999999999999,0.0,0.0,0.0,0.0,14.359,7.905999999999999,0.0,0.0,0.0,0.0
load_79073~TS,true,100.0,5.98,1.96,0.0,0.0,0.0,0.0,5.98,1.96,0.0,0.0,0.0,0.0
load_79074~TS,true,100.0,5.89,2.53,0.0,0.0,0.0,0.0,5.89,2.53,0.0,0.0,0.0,0.0
load_79075~TS,true,100.0,8.49,1.45,0.0,0.0,0.0,0.0,8.49,1.45,0.0,0.0,0.0,0.0
load_79076~TS,true,100.0,8.35,-2.74,0.0,0.0,0.0,0.0,8.35,-2.74,0.0,0.0,0.0,0.0
load_79077~TS,true,100.0,17.38,5.83,0.0,0.0,0.0,0.0,17.38,5.83,0.0,0.0,0.0,0.0
load_79078~TS,true,100.0,39.05,14.790000000000001,0.0,0.0,0.0,0.0,39.05,14.790000000000001,0.0,0.0,0.0,0.0
load_79079~HY,true,100.0,-0.09,0.0,0.0,0.0,0.0,0.0,-0.09,0.0,0.0,0.0,0.0,0.0
load_79079~TS,true,100.0,20.84,6.11,0.0,0.0,0.0,0.0,20.84,6.11,0.0,0.0,0.0,0.0
load_79080~TS,true,100.0,8.32,-2.73,0.0,0.0,0.0,0.0,8.32,-2.73,0.0,0.0,0.0,0.0
load_79081~TS,true,100.0,8.97,-2.95,0.0,0.0,0.0,0.0,8.97,-2.95,0.0,0.0,0.0,0.0
load_79084~TS,true,100.0,3.58,-1.18,0.0,0.0,0.0,0.0,3.58,-1.18,0.0,0.0,0.0,0.0
load_79085~TS,true,100.0,6.02,1.25,0.0,0.0,0.0,0.0,6.02,1.25,0.0,0.0,0.0,0.0
load_79086~TS,true,100.0,17.77,1.73,0.0,0.0,0.0,0.0,17.77,1.73,0.0,0.0,0.0,0.0
load_79088~TS,true,100.0,1.8799999999999997,-0.62,0.0,0.0,0.0,0.0,1.8799999999999997,-0.62,0.0,0.0,0.0,0.0
load_79089~TS,true,100.0,5.02,0.49,0.0,0.0,0.0,0.0,5.02,0.49,0.0,0.0,0.0,0.0
load_79090~TS,true,100.0,4.44,-1.46,0.0,0.0,0.0,0.0,4.44,-1.46,0.0,0.0,0.0,0.0
load_79092~HC,true,100.0,12.242,1.075,0.0,0.0,0.0,0.0,12.242,1.075,0.0,0.0,0.0,0.0
load_79099~TS,true,100.0,19.24,-6.32,0.0,0.0,0.0,0.0,19.24,-6.32,0.0,0.0,0.0,0.0
load_79103~MU,true,100.0,8.09,2.66,0.0,0.0,0.0,0.0,8.09,2.66,0.0,0.0,0.0,0.0
load_79108~TS,true,100.0,14.64,4.29,0.0,0.0,0.0,0.0,14.64,4.29,0.0,0.0,0.0,0.0
load_79111~TS,true,100.0,2.11,0.45000000000000007,0.0,0.0,0.0,0.0,2.11,0.45000000000000007,0.0,0.0,0.0,0.0
load_79118~TS,true,100.0,9.66,2.83,0.0,0.0,0.0,0.0,9.66,2.83,0.0,0.0,0.0,0.0
load_79120~TS,true,100.0,0.4099999999999999,0.12,0.0,0.0,0.0,0.0,0.4099999999999999,0.12,0.0,0.0,0.0,0.0
load_79121~TS,true,100.0,1.63,0.48,0.0,0.0,0.0,0.0,1.63,0.48,0.0,0.0,0.0,0.0
load_79127~TS,true,100.0,12.839999999999998,3.1300000000000003,0.0,0.0,0.0,0.0,12.839999999999998,3.1300000000000003,0.0,0.0,0.0,0.0
load_79135~TS,true,100.0,15.869999999999997,5.22,0.0,0.0,0.0,0.0,15.869999999999997,5.22,0.0,0.0,0.0,0.0
load_79136~TS,true,100.0,4.2,0.44,0.0,0.0,0.0,0.0,4.2,0.44,0.0,0.0,0.0,0.0
load_79137~TS,true,100.0,10.13,2.47,0.0,0.0,0.0,0.0,10.13,2.47,0.0,0.0,0.0,0.0
load_79138~TS,true,100.0,12.509999999999998,3.91,0.0,0.0,0.0,0.0,12.509999999999998,3.91,0.0,0.0,0.0,0.0
load_79138~MU,true,100.0,11.7,3.9,0.0,0.0,0.0,0.0,11.7,3.9,0.0,0.0,0.0,0.0
load_79138~MN,true,100.0,9.72,3.0,0.0,0.0,0.0,0.0,9.72,3.0,0.0,0.0,0.0,0.0
load_79181~TS,true,100.0,3.9599999999999995,1.01,0.0,0.0,0.0,0.0,3.9599999999999995,1.01,0.0,0.0,0.0,0.0
load_79184~TS,true,100.0,4.27,1.08,0.0,0.0,0.0,0.0,4.27,1.08,0.0,0.0,0.0,0.0
load_79184~MN,true,100.0,2.22,0.54,0.0,0.0,0.0,0.0,2.22,0.54,0.0,0.0,0.0,0.0
load_79184~MU,true,100.0,1.58,0.52,0.0,0.0,0.0,0.0,1.58,0.52,0.0,0.0,0.0,0.0
load_79189~TS,true,100.0,0.0,0.0,0.0,0.0,0.0,0.0,0.0,0.0,0.0,0.0,0.0,0.0
load_79190~TS,true,100.0,6.419999999999999,-2.3,0.0,0.0,0.0,0.0,6.419999999999999,-2.3,0.0,0.0,0.0,0.0
load_79191~TS,true,100.0,0.49,-0.16,0.0,0.0,0.0,0.0,0.49,-0.16,0.0,0.0,0.0,0.0
load_79192~TS,true,100.0,2.4,0.79,0.0,0.0,0.0,0.0,2.4,0.79,0.0,0.0,0.0,0.0
load_79192~HY,true,100.0,0.0,0.0,0.0,0.0,0.0,0.0,0.0,0.0,0.0,0.0,0.0,0.0
load_79196~MU,true,100.0,5.348,1.783,0.0,0.0,0.0,0.0,5.348,1.783,0.0,0.0,0.0,0.0
load_79262~TS,true,100.0,1.27,0.16,0.0,0.0,0.0,0.0,1.27,0.16,0.0,0.0,0.0,0.0
load_79264~TS,true,100.0,0.9000000000000001,0.3,0.0,0.0,0.0,0.0,0.9000000000000001,0.3,0.0,0.0,0.0,0.0
load_79312~TS,true,100.0,0.0,0.0,0.0,0.0,0.0,0.0,0.0,0.0,0.0,0.0,0.0,0.0
load_79354~TS,true,100.0,108.49,-7.359999999999999,0.0,0.0,0.0,0.0,108.49,-7.359999999999999,0.0,0.0,0.0,0.0
load_79400~DG,true,100.0,11.0,3.6670000000000003,0.0,0.0,0.0,0.0,11.0,3.6670000000000003,0.0,0.0,0.0,0.0
load_70138~IR,true,100.0,24.167,8.398,0.0,0.0,0.0,0.0,24.167,8.398,0.0,0.0,0.0,0.0
load_70214~GV,true,100.0,34.44,5.33,0.0,0.0,0.0,0.0,34.44,5.33,0.0,0.0,0.0,0.0
load_70396~P3,true,100.0,17.648,-6.868,0.0,0.0,0.0,0.0,17.648,-6.868,0.0,0.0,0.0,0.0
load_79013~WA,true,100.0,0.0,0.0,0.0,0.0,0.0,0.0,0.0,0.0,0.0,0.0,0.0,0.0
load_79038~MU,true,100.0,2.1,0.7,0.0,0.0,0.0,0.0,2.1,0.7,0.0,0.0,0.0,0.0
load_79038~WA,true,100.0,26.895000000000003,8.965,0.0,0.0,0.0,0.0,26.895000000000003,8.965,0.0,0.0,0.0,0.0
